filename,categorie,genre,mots_trouves,score_ocr,texte_ocr,copied_to
100569.jpg,cannes,art_et_essai,cannes,1.000,XK | FESTIVAL DE CANNES | SÉLECTION OFFICIELLE 2022 | COMPÉTITION | MARION | MELVIL | COTILLARD | POUPAUD | Frēre et Sœur | UN FILM DE | ARNAUD DESPLECHIN | GOLSHIFTEH FARAHANI | PATRICK TIMSIT | BENJAMIN SIKSOU | inter | CANA | arte | Le Pacte,affiches_avec_texte/cannes/art_et_essai/100569.jpg
101657.jpg,cannes,horreur,cannes,0.995,"APRÈS ""DERNIER TRAIN POUR BUSAN"" | KK | FESTIVALDE CANNES | SELECTIONDFFICIELLE | 2020 | PENINSULA | GANG DONG WON | LEE JUNG HYUN | M",affiches_avec_texte/cannes/horreur/101657.jpg
102565.jpg,cannes,art_et_essai,cannes,1.000,HAUT ET COURT HEICKE | Il y a des crimes qui vous hantent.. | LA | FESTIVAL DE CANNES | CANNES PREMIÈRE | SÉLECTION OFFICIELLE 2022 | BASTIEN | BOULI | BOUILLON | LANNERS | NUIT | DU12 | UN FILM DE | DOMINIK MOLL | ANOUKGRINBERG | SCÉNARIO GILLES MARCHAND ET DOMINIK MOLL | D'ARRES LOUVRAGE DE PAULINE GUÉNA 18.3 UNE ANNÉE À LA PJ DENDEL 2020 | rto© 00,affiches_avec_texte/cannes/art_et_essai/102565.jpg
104792.jpg,cannes,art_et_essai,cannes,1.000,GOGOGO FILMS PRÉSENTE | acid | CANNES | 2021 | OMB | BLOODBATH | WILLIAM | FOLZENLOGEN | NATE | NICHOLS | UN FILM DE NICOLAS PEDUZZI | GHOST SONG,affiches_avec_texte/cannes/art_et_essai/104792.jpg
110821.jpg,cannes,art_et_essai,cannes,1.000,"SAID BEN SAÍD ET MICHEL MERKT | SÉLECTION OFFICIELLE | COMPÉTITION | FESTIVAL DE CANNES | ISABELLE HUPPERT | ELLE | UN FILM DE | PAUL VERHOEVEN | LAURENT | ANNE | CHARLES | VIRGINIE | LAFITTE | CONSIGNY | BERLING | EFIRA | DE LA COMÉDIE FRANÇAISE | SCÉNARIO DE | DAVID BIRKE | D'APRÈS LE ROMAN “OH..."" DE PHILIPPE DJIAN | RAPHAEL LENGLET LUAS PRISOR ANNEDDLEY S PROUCTIONS WENT WENT VISION LMPRUKTION FRANC CNEMENTRECHIENE LOUP | PAULVERHOEVEN DAVID BIRKE | PHILIPPEDJIAN | 2012 AMC JUDITH MAGRE CHRISTIAN BERKEL JONAS BLOQUET ALICEISAAZ VIMALA PONS ARTHUR MAZET | N CANAL + FRANCE TÉLÉVISIONS OC CENTRE NATIONA DU CINÉMA ET DE LIMAGE ANIMÉE GERMAN FEDERAL FILM BOARD FFANTAX SHELTER OU GOUVERNEMENT | FEDERALBELGE CASAKAFKAPICTURES BELFIUSCINÉMAGEDEVELOPPEMENTTHANASSISKARATHANOS KATEMERKT DIANAELBAUM SEBASTIENDELLOYE FRANÇOISTOUWAIDE | Gnm | CANAL+ | UT N SAÍD BEN SAÍD II MICHEL MERKT | CNC | OCS | FF1-- proimus Belfius | sbs sbs sbs",affiches_avec_texte/cannes/art_et_essai/110821.jpg
112166.jpg,berlin,art_et_essai,berlin,1.000,PYRAMIDE | FESTIVAL DE BERLIN 2025 | OURS D'OR | COMPÉTITION | LA TRILOGIE D'OSLO | RÉVES | AMOUR | DÉSIR | UN FILM DE | DAG JOHAN HAUGERUD,affiches_avec_texte/berlin/art_et_essai/112166.jpg
116645.jpg,cannes,art_et_essai,cannes,1.000,CINEMAINFLAMAVE&GULLANE | PRESENTENT | VIALE | FESTIVALDECANNES | SÉLECTIONOFFICIELLE2024 | COMPÉTITION | MOTEL | MOTEL | DÉSTINO | UNFILM DE | KARIM AÍNOUZ | AVEC IAGO XAVIER NATAIY ROCHA ET EABIO ASSUNÇÃO | TAte Oullene | SKARA | m,affiches_avec_texte/cannes/art_et_essai/116645.jpg
118397.jpg,cannes,art_et_essai,cannes,1.000,"CLAIRE BODECHON, JEAN BREHAT | & RACHID BOUCHAREB | DES RÊALISATEURS | Sociéte | CANNES | PRIX DE LA | MISE EN SCÈNE | FESTIVAL D'ANGOULÊME | MERCENAIRE | UN FILM DE SACHA WOLFF | AVEC TOKI PILIOKO ILIANA ZABETH MIKAELE TUUGAHALA L. PAKI PAKIHIVATAU",affiches_avec_texte/cannes/art_et_essai/118397.jpg
122525.jpg,cannes,art_et_essai,cannes,0.999,COENNOPERVN | LES SIFFLEEURS | UN FILM DE CORNELIU PORUMBOIU | VLAD IVANOY | XIUE | CATRINEL MARLON | FESTIVAL DE CANNES | SÉLECTION OFFICHELLE 2019 | COMPÉTITION | AR VAO NANON CANNE MABLON RECNCA LAZAR ANTOMI BIL AGUSI VLARONGA | RIMANAT AATINAL FIM CENIER EIRMAGES CMEVA DN BORO CAZREFLUS | S I S | wso | Homplunefien | arte WDR,affiches_avec_texte/cannes/art_et_essai/122525.jpg
124393.jpg,cannes,art_et_essai,cannes,1.000,Tout le monde l’adore | Personne ne l’aime | FESTIVAL DE CANNES | SÉLECTION OFFICIELLE | 2020 | Un film de | Magnus Von Horn | SWEAT,affiches_avec_texte/cannes/art_et_essai/124393.jpg
128206.jpg,cannes,art_et_essai,cannes,1.000,AUGURE | UN FILM DE BALOJI | FESTIVAL DE CANNES | UN CERTAIN REGARD | SÉLECTION OFFICIELLE 2023 | PRIX DE LA NOUVELLE VOIX,affiches_avec_texte/cannes/art_et_essai/128206.jpg
128491.jpg,berlin,art_et_essai,berlin,1.000,NOUR FILMS | PRESENTE | 73 | Internationale | Filmfestspiele | Berlin | Competition | PAR LE RÉALISATEUR DE BAD BOY BUBBY ET CHARLIE'S COUNTRY | THE SURVIVAL | OF KINDNESS | UN FILM DE ROLF DE HEER | MWUEMI ROSSUN IANSTHE SRVN | MINIC PODD SHE IRA MIY YMLS BEYCE ENE  MDE A ARISEN | OGN SN AAM ODUN GALEA TEM HEHZENBDEDER MINTEIN ISA CDEN LINDSAY | FANBANGO | fom | NOUKS,affiches_avec_texte/berlin/art_et_essai/128491.jpg
130531.jpg,cannes,art_et_essai,cannes,1.000,METAFILMSMK PROOUCTIONS | MAGALIE | PIERRE-YVES | LÉPINE-BLONDEAU | CARDINAL | VWIUUK | FESTIVAL DE CANNES | UN CERTAIN REGARD | SÉLECTION OFFICIELLE 2023 | SIMPLE COMME SYLVAIN | UN FILM DE | MONIA CHOKRI | MM | S | Jan Iz (mtl | mic | memento,affiches_avec_texte/cannes/art_et_essai/130531.jpg
132699.jpg,cannes,art_et_essai,cannes,1.000,"GRACIJA | LEON | DANICA | CLIFF | FILIPOVIĆ | LUČEV | ČURČIC | CURTIS | MURINA | A Film by | ANTONETA ALAMAT KUSIJANOVIĆ | DIRECTOR | CANNES 2021 | SIKELIA PRODUCTIONS AND RT FEATURES PRESENT AN ANTITALENT SPIRITUS MOVENS SPOK STARAGARA PRODUCTION ""MURINA"" | With GRACIA FILIPOVIC - LEON LUČEV · DANICA CURČIC - CLIFF CURTS Cinematography by HELÈNE LOUVART (AFC) Production Designer IVAN VELJAČA Costume Designer | AMELA BAKSIC Make Up Artist SNJEZANA GORUP Casting by TIMKA GRIM Sound Design JULIJ ZORNIK Editor VLADIMIR GOJUN Original Music EVGUENI GALPERINE | SACHA GALPERINE ExECUtive ProdUCerS MARTIN SCORSESE · EMMA TILLINGER KOSKOFF · LOURENÇO SANT'ANNA - SOPHIE MAS • RODRIGO GUTIERREZ | - CARMEM MAIA - CUSTAVO ROSA DE MOURA Co-Producers ZDENKA GOLD - JOŽKO RUTAR - MIHA ČERNEC Produced by DANIJEL PEK and RODRIGO TEIXEIRA | Witen by ANTONETA ALAMAT KUSIJANOVIĆ and FRANK GRAZIANO Directed by ANTONETA ALAMAT KUSIJANOVIĆ | Supportedby CROATIAN AUDIOVISUAL CENTRE- SLOVENIAN FILM CENTRE · VIBA FILM · CROATIAN RADIOTELEVISION- RTV SLOVENIA World Sales THE MATCH FACTORY | SIKELIA | = | ANTINLINT | & | STARAGARA.",affiches_avec_texte/cannes/art_et_essai/132699.jpg
134007.jpg,cannes,art_et_essai,cannes,1.000,UFO DISTRIBUTION PRÉSENTE | UNE PRODUCTION THALA FILMS ET IN VIVO FILMS | SEMAINE | DE LA CRITIQUE | CANNES 2019 | ENTREVUES BELFORT | CINEMED | FESTIVAL PREMIERS PLANS | COMPETITON NTERNATIOALE | 2019 | ANGERS | SLIMANE BENOUARI | LYES SALEM | UN FILM DE | AMIN SIDI-BOUMÉDIÈNE,affiches_avec_texte/cannes/art_et_essai/134007.jpg
134191.jpg,cannes,art_et_essai,cannes,1.000,UN CERTAIN REGARD | SÉLECTION OFFICIELLE | FESTIVAL DE CANNES | APRÈS | LA | TEMPÊTE | un film de | KORE-EDA HIROKAZU,affiches_avec_texte/cannes/art_et_essai/134191.jpg
135695.jpg,cannes,art_et_essai,cannes,1.000,"LES FILMS DU POISSON  DORI MEDIA | YK | D'APRÈS LE ROMAN DE SAYED KASHUA | FESTIVAL DE CANNES | ETILYEUT | UN CERTAIN REGARD | 2021 | UN MATIN | UN FILM DE | ERAN KOLIRIN | APRÈS | LA VISITE DE LA FANFARE | 三 | ALEX BAKRI JUNA SULEIMAN SALIM DAW EHAB ELIAS SALAMI | COUP DE | GSALM | AUE NAR ZAEL MAN SMER BISA, DR  A ARAR | CINÉMAS | CEUR | C E | culture | DE L'AFCAE | ARTGESSAI | DORI",affiches_avec_texte/cannes/art_et_essai/135695.jpg
138842.jpg,pixar,animation,pixar,0.999,DisNey·PIXAR | BURN·E | BURN-E,affiches_avec_texte/pixar/animation/138842.jpg
142675.jpg,dreamworks,animation,dreamworks,0.999,LesTrolls3 | DREAMWORKS | LE 18 OCTOBRE AU CINÉMA | #LesTrolls3 LesTrolls3-LeFilm.com @×/UniversalFR,affiches_avec_texte/dreamworks/animation/142675.jpg
142773.jpg,cannes,art_et_essai,cannes,1.000,ILS SE SÉPARENT.. EN FAISANT LA FÊTE! | DES CINÉASTES | CANNES 2024 | SEPTEMBRE | 00809899 | SANS ATTENDRE | un film de JONÁS TRUEBA | OO | S | feMonde rhfockuptibles VoCABLE,affiches_avec_texte/cannes/art_et_essai/142773.jpg
144894.jpg,cannes,art_et_essai,cannes,1.000,"FESTIVAL DE CANNES | COMPÉTITION | SÉLECTION OFFICIELLE 2023 | ""LE DANGER RÔDE ET | IL S'APPELLE AMOUR FOU."" | TÉLÉRAMA | UN FILM DE | RAMATA-TOULAYE SY | BANEL | &ADAMA | Q | YIOÉEIGE  TANDEM",affiches_avec_texte/cannes/art_et_essai/144894.jpg
146038.jpg,cannes,art_et_essai,cannes,1.000,FESTIVAL DE CANNES | SÉANCE SPÉCIALE | SÉLECTION OFFICIELLE 2022 | PAULO BRANCO PRÉSENTE | TRACES | ALBANO | NUNO | ISABEL | JOÃO PEDRO GONÇALO | LEONOR | JERÖNIMO LOPES ABREU VAZ | WADDINGTON | VASCONCELOS | GGE GS | UN FILM DE TIAGO GUEDES | AA A AN A Ã MOURA L RA LAA FMS LE LME | AP PRDUÇES C FND DEAPI D URISMO ED ME E ANCECMT CA MLDEEAMR  DEFEGUEA E MÃO | ARTEFRANCE CINÉMA RTP | Le e arte | RTP,affiches_avec_texte/cannes/art_et_essai/146038.jpg
146168.jpg,cannes,art_et_essai,cannes,1.000,SÉLECTION OFFICIELLE | UN CERTAIN REGARD | FESTIVAL DE CANNES | MARION | Gneuled'Ange | COTILLARD | AYLINE | AKSOY-ETAIX | UN FILM DE | VANESSA FILHO | ALBAN LENOIR | SCÉNARIO VANESSA FILHO ADAPTATION ET DIALOGUES VANESSA FILHO ET DIASTÈME | OANA,affiches_avec_texte/cannes/art_et_essai/146168.jpg
147168.jpg,cannes,art_et_essai,cannes,1.000,DES RÉALISATEURS | CANNES 2022 | BIARRITZ 2022 | PRIK DU PUBLIC | Fertival de cinéns latino-anlsicain | ALINE KUPPENHEIM | CHILI | 1976 | UNFILM DE MANUELAMARTELLI,affiches_avec_texte/cannes/art_et_essai/147168.jpg
154629.jpg,cannes,art_et_essai,cannes,1.000,NE | FESTIVALDECANNES | CANNES PREMIÈRE | SÉLECTION OFFICIELLE2023 | Cécile | Vincent | DE FRANCEMACAIGNE | BONNARD | Pierre et Marthe | Un film de | Martin PROVOST | Stacy MARTIN Anouk GRINBERG et avec André MARCON | W国LA | TOMN | n,affiches_avec_texte/cannes/art_et_essai/154629.jpg
155663.jpg,cannes,art_et_essai,cannes,1.000,JOANNA KULIG | TOMASZ KOT | OFFICIAL SELECTION | COMPETITION | FESTIVAL DE CANNES | from academy award' winning writer & director | PAWEL PAWLIKOWSKI | COLD WAR | mk2 | PROTAGONST | films,affiches_avec_texte/cannes/art_et_essai/155663.jpg
161010.jpg,cannes,art_et_essai,cannes,1.000,"STRADA FILM & MIDRALGAR | PRÉSENTENT | VUK | BUCAREST,1972 | PRIX DE LA MISE EN SCÈNE | UNECLASSE,UN TRAITRE, | FESTIVAL DE CANNES 2022 | UN CERTAIN REGARD | UN SECRET | RADIO | METRONOM | UN FILM DE | ALEXANDRU BELC | MARA BUGARIN, SERBAN LAZAROVICI, VLAD TVANOV, MARA VICOL, MIHAI CÄLIN, ANDREEA BIBIRIL ALINA BREZUNTEANU, ALEXANDRU CONOVARU, ALIN FLGREA, MIHNEA MOLDOVEANU, ANDREI MIERCURE | MÄRIUCA BOSNEA, EDUARD CHIMAC, TIBERIU ZAVELEA, MARIUS BOBOC, CLAUDIA SOARE, BRIANA MACOVEL, PAMELA TOBAJI, ANA BODEA ALEXANDRU NEDELCU, HORATIU BOB, DANIEL TOMESCU",affiches_avec_texte/cannes/art_et_essai/161010.jpg
162144.jpg,berlin,art_et_essai,berlin,1.000,70 | Competition | ALEXANDER | JELLA | HAASE | BERLIN | WELKET | BUNGUÉ | ALBRECHT | SCHUCH | JOACHIM | KRÓL | PLATZ | UN FILM DE BURHAN QURBANI | WAA | 0,affiches_avec_texte/berlin/art_et_essai/162144.jpg
163429.jpg,berlin,art_et_essai,berlin,1.000,"""UN CRI DU CEUR. BOULEVERSANT!' | 99 | MEILLEUR PREMIER FILM | FESTIVAL BERLIN 2019 | PRIX DU PUBLIC | FESTIVAL DES ARCS 2019 | NOMINATION MEILLEUR FILM | NOMINATION MEILLEURE ACTRICE | EUROPEAN FILM AWARDS 2019 | Benni | RÉALISÉ PAR | NORA FINGSCHEIDT | HELENA | ALBRECHT | GABRIELA MARIA | LISA | ZENGEL | SCHUCH | SCHMEIDE | HAGMEISTER | BETA ONEMA WESIN | MAINGE FLM: OF/DASRLEIN FERNERGPIEL | JUINGER DEUTSDMERFIEM | A VITAN",affiches_avec_texte/berlin/art_et_essai/163429.jpg
164454.jpg,cannes,art_et_essai,cannes,1.000,KRIEPS | VICKY | ROTH | ANDERS | DANIELSEN LIE | FESTIVAL DE CANNES | Bergman | Island | MIAHANSEN-LOVE | UNALM DE,affiches_avec_texte/cannes/art_et_essai/164454.jpg
168540.jpg,cannes,art_et_essai,cannes,1.000,"TÉLÉRAMA | CHAZ PRODUCTIONS | URGNCES | ""UN FILM D'UNE ÉNERGIE INOUIE"" | 3 | EPUISES | PATIENTS | ENDANGER | TÉLÉRAMA | ""IMPRESSIONNANT, DRÔLE, INTENSE' | LE FIGARO | ""UN RÉCIT POLITIQUE PUISSANT | FESTIVAL DE CANNES | COMPÉTITION | LE MONDE | SÉLECTION OFFICIELLE 2021 | ""PASSIONNANT"" | AISSATOU | PIO | DIALLO SAGNA | MARINA | MARMAI | FOIS | VALERIA | BRUNI TEDESCHI | ur | LA FRACTURE | franceinfo | UN FILM DE CATHERINE CORSINI",affiches_avec_texte/cannes/art_et_essai/168540.jpg
170846.jpg,dreamworks,animation,dreamworks,0.996,DREAMWORKS | JOYEUX NOÉL | MADAGASCAR,affiches_avec_texte/dreamworks/animation/170846.jpg
171726.jpg,cannes,art_et_essai,cannes,1.000,ROGRRIONNCOE | OHANN | DES CINÉASTES | CANNES | BERTRAND MANDICO | ELINA LÖWENSOHN - CHRISTA THERET - SANDRA PARFAIT - JULIA RIEDLER - CLAIRE DUBURCQ -AGATA BUZEK· NATHALIE RICHARD -FRANÇOISE BRION | MRUaNEMMMÉ | E | BREAGRRR | NÉM NEE | RN | LAUR SWN C,affiches_avec_texte/cannes/art_et_essai/171726.jpg
174369.jpg,cannes,art_et_essai,cannes,1.000,SÉLECTION OFFICIELLE | FESTIVALDECANNES | 2020 | FUIS | MO | JET | SUiS | UNFILMDE | KÔJIFUKADA | -FURS-MOL JE TE SUS » AVEC WIN MORISAKI KAHO TSUCHMURA SHOHEI UNO KE ISHIBASHI AKAR FUKINAGA SHUGO OSHNARI YUKTA KTIAMURA INSPRÉ PNA LA BANDE DESSINÉE ORIGINALE -HONI NO SHRUSHI- DE MOCHRU HOSHISATO ÉIÉE PNR SHOGAKUKANINC | PROUCTEUR ÉT KTA AASH MASAIO OTARIUCTEUR ATSUNA MATSUOKA YU KATOH YOND ABE UNE ÉE E ÖUI FUAA SUYOSH TOYAMA CASTNG NAYATO E KDSUKE HARUK GAFER RELI OUBO SN DATSUTA KISHIKANA NE ENSUKE HOR SARI ATSUSHIKA NÍUIFUKADA | DÉCORS YURIA JZUKA YHE ISHZUKA COSTUMES HANAKA KKUCH HAQULLAGE RYO ERSS RÉLSAER HROFUMI KAGANA REERDE RUTON SHOTA WANABE SCÉAR SHNAR MAN NÍUI FUKADA INFL DE KOI FUKAGDA | UNE PROOUCTION MOUNTAINGATE PRODUCTION PRODUT NR NAGOYA TV,affiches_avec_texte/cannes/art_et_essai/174369.jpg
178056.jpg,cannes,art_et_essai,cannes,1.000,"SPUTNIK FILMS, MURILLO CINE, LAPOSTPRODUCCIONES, | PROMENADES FILMS&TOTEM FILMS PRESENT | SEMAINE | DE LA CRITIQUE | CANNES 2019 | Ceniza Negra | A FILM BY SOFÍA QUIRÓS ÚBEDA | STRNGSMACHLEEN GUTIERREZ HUMBERTO SAMUELS, HORTENSIA SMITH & KEHA BROWN DRECTOROF PHOTOGRAPHYFRANCISCASAEZAGURTOEDITING ARIEL ESCALANTESOUN OESIGN CHRISTIAN | COSGROVE &CAMILO JIMÉNEZ RGNASCORE WISSAM HOJEU PROUCTION DESIGN CAROUNA LETT CASTG ANE ASS FLORENCIA ROVUCH SON ERICK VARGAS SAT IC FELIPE ZUÑIGA | PROCUCIRSSPUITNIKFILMSCOPROOUCERSMURILLO CINE, LAPOST PRODUCCIONES & PROMENADES FILMS INASSOCATON WMIH ALTA DEFINICION ARGENTINA YAGÁN FILMS, INGENIO DIGITAL | FARO DIGITAL CHRISTIAN HERRERA HERRERA & BORA FILMSPROOUCER MARSANA MURILLO EXECUIME PRODUCERS MARIANA MURILLO, SOFÍA QUIRÓS UBEDA | CECILIA SALIM, MILLARAY CORTÉS, MATÍAS ECHEVERRIA, SAMUEL CHAUVIN, RODOLFO QUIRÓS, ESTEBAN ZABALA AFILMBY SOFÍA QUIRÓS UBEDA",affiches_avec_texte/cannes/art_et_essai/178056.jpg
179392.jpg,cannes,art_et_essai,cannes,1.000,ADÈLE | JONATHAN | ANTONIA | HAENEL | COUZINIÉ | BURESI | LES | HÉROS | NE | MEURENT | JAMAIS | UN FILM DE | AUDE LÉA RAPIN | SEMAINE | LACRITIQUE | CANNES | AUDE LÉA RAPIN | SCENAIRIO ADAPTATIONET BIA | JONATHAN COUZINIÉ | AVEE HASIJA BORIĆ | VESNA STILINOVIĆ | WOISO RADAR SCOE,affiches_avec_texte/cannes/art_et_essai/179392.jpg
181955.jpg,cannes,art_et_essai,cannes,1.000,WAYNA PITCH | Bananeira Filmes presents | DIRECTORS FORTNIGHT | CANNES 2021 | MARIOLIVEIRA | MEDUSA | Written and directed by Anita Rocha da Silveira | LARA | JOANA | FELIPE | BRUNA | THIAGO | BRUNA | TREMOROUX | MEDEIROS | FRAZÃO | LINZMEYER | FRAGOSO | Produced by | VANIA CATANI | Produced by FERNANDA THURAN MAYRA FAO AUAD Executive Production TARCILA JACOB Production Design DINA SALEM LEVY Cinematograph | Editor MARILIA MORAES Sound Design BERNARDO UZEDA Costume Design PAULA STRöHER Makeup MARIA INÊZ MOURA Sound Engineer EVA | Sound Mixer GUSTAVO LOUREIRO Soundtrack ANITA ROCHA DA SILVEIRA BERNARDO UZEDA Assistant Director FERNANDA NAKAN | MAMA | IN | CAJAMANGA | ancine | BRDE | Paradiso,affiches_avec_texte/cannes/art_et_essai/181955.jpg
185927.jpg,berlin,art_et_essai,berlin,1.000,PAR LA RÉALISATRICE DE | L'HISTOIRE DU CHAMEAU QUI PLEURE | 70 | Festival | International du Film | ET LE CHIEN JAUNE DE MONGOLIE | Generation | de Berlin | LES | RACINES | DU | MONDE | UN FILM DE BYAMBASUREN DAVAA,affiches_avec_texte/berlin/art_et_essai/185927.jpg
188776.jpg,cannes,art_et_essai,cannes,1.000,JULIEN MADON PRESENTE | SPLENDIDE | LE COURRIER DE L'OUEST | UNE BOMBE D'ÉMOTIONS | UNE FRATRIE EN OR | BÉRATION | COUP DE CCEUR | MES FRÈRES ET MOI | UNFILMDE YOHAN MANCA | FESTIVAL DE CANNES | UN CERTAIN REGARD | SÉLECTION OFFICIELLE 2021 | MAËL ROUIN-BERRANDOU | JUDITH CHEMLA | DALI BENSSALAH | SOFIAN KHAMMES | MONCEF FARFAR | T,affiches_avec_texte/cannes/art_et_essai/188776.jpg
189982.jpg,cannes,art_et_essai,cannes,1.000,DOMINO FILMS | PRÉSENTE | 62* SEMAINE | NAHUEL | CÉLESTE | FILM DE CLOTURE | DE LA CRITIQUE | CANNES 2023 | LA | PÉREZ BISCAYART | FILLE | BRUNNQUELL | DE | SON | PÈRE | UN FILM DE | ERWAN LEDUC | MOHAMMED LOURIDI | MAUD WYLER | MERCEDES DASSY | DIRECRIGBUE PSTARIDITONCLRAW | WNMa LE RUES | OINGRANDEST HINSPIRE METZ/EUROMETRDPOLEDEMETZBRIEMINLMCICNC | MATHEGASNER WCENT COSSONAST TOEER SA NAIACEE VALDENARE MARE RUA EUTNAISASCARDE | U RE O N O L E  NE E  DRAMDE ISRBUTON | LEBUREADUELDEUNGES BUREDESGES RAND EST | M ENTRE NATIONAL | FONDATION GANPOURLECNEMA | PLAYTIME | DOMINO CANAL | CINE+ | METZ | n | INDÉFILMS Cne MAGE 202PLAYTIME,affiches_avec_texte/cannes/art_et_essai/189982.jpg
191305.jpg,berlin,art_et_essai,berlin,1.000,PYRAMIDE | PRESENTE | FESTIVAL DE BERLIN 2024 | PANORAMA | LA TRILOGIE D'OSLO | RÉVES | AMOUR | DÉSIR | UN FILM DE | DAG JOHAN HAUGERUD,affiches_avec_texte/berlin/art_et_essai/191305.jpg
196369.jpg,venise,art_et_essai,venezia,1.000,PENÉLOPE | ÉDGAR | GAEL GARCÍA ANA DE | LEONARDO | WAGNER | CRUZ | RAMÍREZ | BERNAL | ARMAS | SBARAGLIA | MOURA | INTERNAZIONALE | TE CINEMATOGRAFICA | LE DI VENEZIA 2019 | Selection | CUBANNETWORK | TRAÎTRES OU HÉROS | UN FILM DE | OLIVIER ASSAYAS | memento,affiches_avec_texte/venise/art_et_essai/196369.jpg
196729.jpg,cannes,art_et_essai,cannes,1.000,FESTIVAL DE CANNES | SÉLECTION OFFICIELLE | 2020 | LES FILMS PLLÉAS PERNTE | LAETITIA DOSCH | SERGEI POLUNIN | PASSION SIMPLE | UN FILM DE DANIELLE ARBID | SOÉNAN D DE AONIELE RBD ADNO V G NIEERN ANE | LOU-TEYMOU THION CAROLINE DUEY GRÉGOIE COLINLIAN DAI THON HILIE MART ACQUES-HENR BRONCKAR NGU DENEYSER | V         W | D  LÉD STRI HIBAU DEOAISNE I ULIETTE MLLON NATALE DELENS   LES FILMS PLÉAS VESUS PRODUCI | NENE CE  NVSEN | LE TAX SHELTER OU GOUVERNEMENT FÉDÉRAL BELGE  INVER AX SHELTER EURIMAGES AI CINÉCAP 2 3 LA BANQUE POSTALE IMAGE 122 | CINÉMAGE 13 DÉVELOPPEMENT CINÉVENTURE 4   PYRAMID DNSTRIBUTION  INI PYRAMIDE INTERNATIONAL | praoms cN | ①MER KINECAPT INECAPL | g PIRAMIDE,affiches_avec_texte/cannes/art_et_essai/196729.jpg
197046.jpg,cannes,art_et_essai,cannes,1.000,STENOLA PRODUCTIONS | LEÍLA | LES | DAMIEN | BEKHTI | BONNARD | INTRANQUILLES | UN FILM DE JOACHIM LAFOSSE | FESTIVAL DE CANNES | COMPÉTITION | SÉLECTION OFFICIELLE 2021 | samsa,affiches_avec_texte/cannes/art_et_essai/197046.jpg
197462.jpg,cannes,art_et_essai,cannes,1.000,JAFAR PANAHI PRODUCTION | eT LES FILMS PELLÉAS | PRESENTENT | PALME D'OR | FESTIVAL DE CANNES | 2025 | UNSIMPLE | ACCIDENT | UN FILM DE | JAFAR PANAHI | inter,affiches_avec_texte/cannes/art_et_essai/197462.jpg
199996.jpg,cannes,art_et_essai,cannes,1.000,"LA VINGT-CINQUIEME HEURE DISTRIBUTION | ""UNE VISION FÉMINISTE RARE AU CINÉMA"" | POLITIS | ""LES ACTEURS | ""UN FILM QUI INCITE | IRRADIENT DE | À LA VIE PLEINE | SENSUALITÉ | Moons | ET LIBRE"" | SOFILM | MOVIERAMA | UN FILMDE JAN GASSMANN | acid | MEILLEURE | CANNES | 2022 | EOSDAELASI ANGASSMAN | I NOR MRAM IMERMAN WWMRA MARKJCOES CAMOR | SWISS FILMAWARD | ACTRICE | GEHEVE 2023",affiches_avec_texte/cannes/art_et_essai/199996.jpg
201836.jpg,cannes,art_et_essai,cannes,1.000,SAIDIONSAD MOCHELMERKTEROME SEYDOUX | UN FILM RÉALISÉ PAR | PAUL | VERHOEVEN | BENEDETTA | VIRGINIE | EFIRA | CHARLOTTE | RAMPLING | DAPHNÉ | PATAKIA | LAMBERT | WILSON | OLIVIER | RABOURDIN | FESTIVAL DE CANNES | SÉLECTION OFFICIELLE 2021 | COMPÉTITION | SI AD RIUEVERHDEVEN I MDESTACI JUC  C BROWN | + | S,affiches_avec_texte/cannes/art_et_essai/201836.jpg
206440.jpg,cannes,art_et_essai,cannes,1.000,"PRIX D'INTERPRÉTATION | MASCULINE | 76° FESTIVAL DE CANNES | KOJI YAKUSHO | PERFECT DAYS | ""UN FILM DE | WIM WENDERS | KOJIYAKUSHO,TOKIO EMOTO,ARISA NAKANO AOIYAMADA, YUMI ASO, SAYUR ISHIKAWA TOMOKAZU MIURA a lede MIN TANAKA | I     A       N | inter | Spoon. | W",affiches_avec_texte/cannes/art_et_essai/206440.jpg
207650.jpg,cannes,art_et_essai,cannes,1.000,FESTIVAL DE CANNES | UN CERTAIN REGARD | SÉLECTION OFFICIELLE 2022 | «ÉPOUSTOUFLANT DE BEAUTÉ. » LEFIGARO | Godland | UN FILM DE H. PÁLMASON | OASSON& DA MECON ROYNGRiIH | RATR A A | S | CNC | nov | AU CINÉMA LE 21 DÉCEMBRE | LEFIGARO,affiches_avec_texte/cannes/art_et_essai/207650.jpg
209159.jpg,berlin,comedie,berlin,1.000,DARLNG | BERLIN | KAPTN | OSKAR,affiches_avec_texte/berlin/comedie/209159.jpg
214611.jpg,venise,art_et_essai,venezia,0.999,581 | MEILLEUR PREMIER FILM LION DU FUTUR | MEILLEURE RÉALISATRICE ORRIZONTI | MEILLEURE ACTRICE ORRIZONTI | LA BIENNALE DI VENEZIA 2024 | KATHLEEN CHALFANT | CAROLYN MICHELLE | À FEU DOUX | UN FILM DE | SARAH FRIEDLAND | memenlo,affiches_avec_texte/venise/art_et_essai/214611.jpg
216319.jpg,cannes,art_et_essai,cannes,1.000,VIUUNLK | SÉLECTION OFFICIELLE | COMPÉTITION | FESTIVAL DE CANNES | Poirier | Le | Sauvage | un film de | NURI BILGE CEYLAN | inter,affiches_avec_texte/cannes/art_et_essai/216319.jpg
216506.jpg,cannes,art_et_essai,cannes,1.000,"ENVIE DE TEMPÉTE PRODUCTIONS JHR FILMS | PARENTAL | ADVISORY | EXPLICIT CONTENT | acid | CANNES | 2024 | €12,50 | JOTGCENCO | FOTOGENIGO | UN FILM DE | marcia ROMANO·benoît SABATIER | UEC · CHRISTOPHE PROU· | ROXANEMESQUIDA·ANGÈLEMETZGER | JOHNARNOLD·BELLABRGUENA·VENUS YAFFA | Y | L ON COK I GME IG E I U FOK NHI B NE  SN | ENTIL DE TEMPETE | Micro Climat | studios | PROIREP ANGOA jh",affiches_avec_texte/cannes/art_et_essai/216506.jpg
216683.jpg,cannes,art_et_essai,cannes,1.000,LES FILMIS AELAET PRÉSE | APRÈS UNE VIE VIOLENTE ET ENQUÊTE SUR UN SCANDALE D'ÉTAT | DES CINÉASTES | ÀSONIMAGE | CANNES 2024 | UN FILM DE | THIERRY DE PERETTI | D'APRÉS LE ROMAN À SON IMAGE- DE JÉRÔME FERRARI PUBLIÉ PAR LES ÉDITIONS ACTES SUD | CLARA-MARIA | MARCANTONU | LOUIS | BARBARA | SAVERIA ANDREA | PIERRE-JEAN ANTONIA | PAUL | HAROLD | THIERRY | VICTOIRE ALEXSCÉDRIC | LAREDO | MOZZICONACCI STARACE SBRAGGIA GIORGI COSSU STRABONI BURESI GARATTE ORSONI DE PERETTI DU BOIS MANENTI APPIETTO | LIURIUME VILVEY | culture,affiches_avec_texte/cannes/art_et_essai/216683.jpg
224357.jpg,cannes,art_et_essai,cannes,1.000,FESTIVAL DE CANNES | MANOLO SOLO | ANA TORRENT | JOSE CORONADO | FERMERLESYEUX | UN FILM DE VÍCTOR ERICE | de 0 | nr,affiches_avec_texte/cannes/art_et_essai/224357.jpg
226395.jpg,cannes,art_et_essai,cannes,1.000,"LES GRAINES | X | FESTIVAL DE CANNES | PRIX SPÉCIAL DU JURY | DU FIGUIER | UN FILM DE | SAUVAGE | MOHAMMAD RASOULOF | ""UNCHOC” | ""MAGISTRAL' | LE PARISIEN | ""CHEF | D'EUVRE"" | FRANÇOIS CHALAIS | PRIX | PRIX DES CINÉMAS | ARTETESSAI | PRIX DU JURY | CECUMENIQUE | inter",affiches_avec_texte/cannes/art_et_essai/226395.jpg
228670.jpg,cannes,animation,cannes,1.000,YOUAK | AV | FESTIVALDE CANNES | SÉLECTION OFFICIELLE | UN CERTAIN REGARD | D'APRES LE ROMAN DE PHILIP K. DICK ECRIT ET REALISE PAR RICHARD LINKLATER | KEANU | ROBERT | WOODY | WINONA | REEVES | DOWNEY JR. HARRELSON | RYDER | ASCANNER | DARKLY | N'ESPEREZ PAS DE HAPPY END | WE | MARNEE NEEENIENE POTEES | REMPREOICION JAS ENEEANMEN INVE RIOUR INUER | RSHY | NNMS | MEMCRMSV OM PNOTA WMPECJN RCHAONLATER | SECTION EIGHT | m | www.acannenderkly-lefim.com,affiches_avec_texte/cannes/animation/228670.jpg
232126.jpg,pixar,animation,pixar,0.973,Disney· PIXAR | LA-HAUT,affiches_avec_texte/pixar/animation/232126.jpg
233582.jpg,cannes,art_et_essai,cannes,1.000,JAVIER CÁMARA | PATRICIA TAMAYO | JUAN PABLO URREGO | L'OUBLI | GOYA | QUENOUS | VUAK | 2021 | HISPANO-AMERICAIN | MEILLEUR FILM | SERONS | FESTIVAL DE CANNES | SÉLECTION OFFICIELLE | 2020 | UN FILMDE | FERNANDOTRUEBA | M JAREE CMABA NICDAS RDES DNI JAN RR | DARACR TELRNGON HEZNIEIN | DGD | NESNSRMACORY BE MRLMS | TOORE MU RASLNAN | JARIVEA A | NECRABAG AUING SNN DOD RESA | D   N  S | foloy4 | MCIIG AE GAE NA M GAE CRM NTE | MOTO MAONA (AIRA COPI,affiches_avec_texte/cannes/art_et_essai/233582.jpg
238197.jpg,venise,art_et_essai,venise,1.000,PYRAMIDE | PRESENTE | FESTIVAL DE VENISE 2024 | COMPÉTITION | LA TRILOGIE D'OSLO | RÉVES | AMOUR | DÉSIR | UN FILM DE | DAG JOHAN HAUGERUD | TROMAS GOLLESIAD LARSJACOB HOLM MARTEENGEBRIGTSEN | MAENANIABSIAO | SONGISETVEITO WVONNE STENBERG MINEDER CAPJONKJELLSBY | MOLOTILMFON,affiches_avec_texte/venise/art_et_essai/238197.jpg
241647.jpg,cannes,art_et_essai,cannes,1.000,泰 | SÉLECTION OFFICIELLE | COMPÉTITION | FESTIVAL DE CANNES | ZHAO TAO | LIAO FAN | LES | ÉTERNELS | 江湖儿女 | UN FILM DE | JIA ZHANG-KE | inter | AS VITAN,affiches_avec_texte/cannes/art_et_essai/241647.jpg
245308.jpg,cannes,art_et_essai,cannes,1.000,LOSTIM | FESTIVAL DE CANNES | CANNES PREMIÈRE | SÉLECTION OFFICIELLE 2023 | NIGHT | PERDIDOS EN LA NOCHE | UN FILM DE AMAT ESCALANTE | PIMIENTA FIUMS TRES TUNAS ET CÁRCAVA CINE PRÉSEVTEIT « LOST IN THE NIGHT » EN COPROOUCTION VEC THE MATCH FACTORY LEMMING FLM SNOWGLOBE SULAFILMS BORD CADRE SOVEREIGN ET CTT EXP & RENTALS | NEC JUAN DANIEL GARCÍA ESTER EXPÓSITO BÁRBARA MORIET FERNAND BONILLA MOMINGE FERNANDA DE LA PEZA MUSIOLE ORNGINALE KYLE DIXON ET MICHAEL STEIN DÉCORS DANIELA SCHNBDER PREMER ASSISTMIT REÉALISATEUN FREDERIC HENOCOUE | DIRECTEUR DE LA PHOTOGRAPHIE ADRIAN DURAZO COPRODUCTEURS VIOLA FÜGEN MICHAEL WEBER LEONTINE PETIT ERIK GUJNIS KATRIN PORS EVA JAKOBSEN MIKKEL JERSIN ALEJANDRO SUGICH LA DAN WECHSLER JAMAL ZBNAL—ZADEET ANDREAS ROALD | PRCOUCTELRSDÉLÉGUIÉS RODRIGO MACÍN ET ALEJANDRO MARES PRCOUCTEURS NICOLAS CELUS FERNANDA DE LA PEZA ET AMAT ESCALANTE SCÉNANO AMAT ESCALANTE ET MARTIN ESCALANTE RÉALISATEUR AMAT ESCALANTE | Pajient | IrtuT4Hr | smming | (stowglobe) | sovereigin | ecTI | ALarte,affiches_avec_texte/cannes/art_et_essai/245308.jpg
248433.jpg,venise,art_et_essai,venezia,1.000,NOTRE | ALBINA KRASNIQI | ELSA MALA | 580 | LA BIENNALE DI VENEZIA 2023 | D'ARTE CINEMATOGRAFICA | MONDE | UN FILM DE LUÀNA BAJRAMI | PRODUIT PAR ERIC TOLEDANO ET OLIVIER NAKACHE | srnia | galip,affiches_avec_texte/venise/art_et_essai/248433.jpg
250255.jpg,cannes,horreur,cannes,1.000,SCREAMFEST | OFFICIAL SELECTION | short film corner | COURT MÉTRAGE | HORROR FILM FESTIVAL | FESTIVAL DE CANNES 2015 | 2015 | DEMONS IN THE DARK | SANDCASTLE PITURES PESNIS | A JASON WILLA LELM TRA DENT JOHN GLLCH GARY STARKELL GABRIEL ARTER DAYLIGH NELSON | AIDN ETEA AIINIALII  ON ELO PICXLES | JASON LA E MHAE OCOLE GAHAL BRAR CHAE GA DAVD BLUSAFY | JASON WLLA LEAL BRAR MICHAL GYRI JASON WILAM LEJASON WILAM LEE | Camers By CLAIRMONT | WWW.SANDCASTLEPICTURES.COM,affiches_avec_texte/cannes/horreur/250255.jpg
250331.jpg,cannes,animation,cannes,1.000,APRÈS | MA VIE | de | COURÇETTE | SÉLECTION OFFICIELLE | ANVEDY | FESTIVAL DE CANNES | PSELECANCESIECIALE | COMPÉTITION | SAUVAGES | UNFILMDECLAUDEBARRAS | BABETTE DE COSTER MARTIN VERSET LAETITIA DOSCH BENOÎT POELVOORDE | inter,affiches_avec_texte/cannes/animation/250331.jpg
250698.jpg,cannes,art_et_essai,cannes,1.000,ASC DISTRIBUTION PRÉSENTE | BUSAN | HELSINKI | TOKYO | Göteborg | VOUK | AVEC SAMALYESLYAMOVA | PRIX D'INTERPRÉTATION FÉMININE / CANNES 2018 | LES VOLEURS | DE CHEVAUX | UNFILMDE | YERLANNURMUKHAMBETOV&LISATAKEBA | MENKOSYERIANN | www.ascdistribution.com | ASC,affiches_avec_texte/cannes/art_et_essai/250698.jpg
252446.jpg,berlin,art_et_essai,"berlin,berlinale",1.000,"JEREMY THOMAS PRÉSENTE | SHIKUN | UN FILM DE | AMOS GITAI | 74 | Internationale | Filmfestspiele | Berlinale Special | Berlin | IRÈNE JACOB HANNA LASLO YAËL ABECASSIS BAHIRA ABLASSI MENASHE NOY | PINI MITTELMAN ATALLAH TANNOUS MINAS QARAWANY AMNON RECHTER NAAMA PREIS | JEREMY THOMAS PRÉSENTE SHIKUN UN FILM ÉCRIT ET RÉALISÉ PAR AMOS GITAI AVEC IRÉNE JACOB, HANNA LASLO, YAEL ABECASSIS, BAHIRA ABLASSI, MENASHE NOY, PINI MITTELMAN, ATALLAH TANNOUS | ASSISTANTS REALISATEURS YUVAL MALKA,FRMALKA MAQUILAGE REVITAL DAROM MIAGE RONEN NAGEL MPSESONRONEN NAGEL DANT SHITIT MONTAGEYUVALORRSMONRMANMUSIOUE ALEXEIKOCHETKOV | LOUIS SCLAVIS DIRECTION DE PRODUCTION GADILEVY PRODUCTEURS AMOS GITAL, SHUKIFRIEDMAN,LAURENT TRUCHOT,ILAN MOSKOVITCH.CATHERINE DUSSART PROOUCTEURS DÉLEGUÉS JEREMYTHOMAS | JOAO QUEIROZ FILHO, ALAN TERPINS, LISABETH SANDER, LUIZ SIMOES LOPES NETO, MARCELLO BRENNAND PRODUCTEURS ASSOCIES CATHERINE DUSSART,ILAN MOSKOVITCH, LAURENT TRUCHOT, AMOS GITAI | COPRODUCTEURS GILLES MASSON, NATHALIE VARAGNAT, MOSHE EDERY, ALEXANDRE IORDACHESCU UNE PRODUCTION AGAV FILMS EN COPRODUCTION GAD FICTION, VENTRE STUDIO, RECORDED PICTURE | COMPANY, INTEREUROP, CDP, UNITED KING FILMS, ELEFANT FILMS, FREESTUDIOS AVEC LE SOUTIEN DU ISRAEL FILM FUND, DE CINEFOROM ET DE LA LOTERIE ROMANDE DISTRIBUTION FRANCE EPICENTRE FILMS | 国国网 | OINÉFOROM | O | EPICENTRE",affiches_avec_texte/berlin/art_et_essai/252446.jpg
252591.jpg,cannes,art_et_essai,cannes,1.000,A Perte de Vue & les Vins d'Antaine | Grégory Montel | Laetitia Dosch | Lolita Chammah | LIBRE GARANCE! | un film de Lisa Diaz | SÉLECTION | CANNES | Azou Gardahaut-Petiteau | Jeanne Vallet de Villeneuve | Simone Liberati | ÉCRANS JUNIORS | TA O N  DSSONG.A | ARLA PNE  A OER PEER   EN  N  AHOMOREAU | NE  AR | E N        SNNEL AP | 2022 | N FEL LEE LJLEENFPRE | GN | NOUR:,affiches_avec_texte/cannes/art_et_essai/252591.jpg
255457.jpg,venise,art_et_essai,venezia,1.000,"CONDOR DISTRIBUTION PHEMENT | LAVOIX | OSCARS | NOMINATION AUX | D'AIDA | BAFTA | 2 NOMINATIONS AUX | MEILLEUR FILM ÉTRANGER | MEILLEURE RÉALISATRICE | MEILLEUR FILM ÉTRANGER | SREBRENICA, 1995. TRADUIRE POUR RÉSISTER. | ONU | 577 | tiff | ALE OI VENEZIA 2020 | DE CRISTAL | FLÉCHE | 2020 | GRAND PRIX | DU JURY | 2020 | LESARES | FLMFESINA | UN FILM DE | JASMILA ŽBANIĆ",affiches_avec_texte/venise/art_et_essai/255457.jpg
255825.jpg,cannes,art_et_essai,cannes,1.000,Les Films Pelléas présente | SÉLECTION OFFICIELLE | COMPÉTITION | FESTIVAL DE CANNES | VINCENT LACOSTE | PIERREDELADONCHAMPS | PLAIRE | AIMER | ET | COURIR | VITE | DENIS | PODALYDÈS | Sociétaire de la Comédie Française | Un film de | CHRISTOPHE HONORÉ | AVEC ADÈLE WISMES THOMAS GONZALEZ CLÉMENT MÉTAYER QUENTIN THÉBAULT | 联++ | m2,affiches_avec_texte/cannes/art_et_essai/255825.jpg
256464.jpg,cannes,art_et_essai,cannes,1.000,FESTIVAL DE CANNES | SÉLECTION OFFICIELLE 2024 | CANNES PREMIERE | LESALRSDEMIA | MARIA | ANAMARIAVARTOLOMEI | UN FILM DE JESSICA PALUD | CÉLESTE BRUNNQUELL-CIUSEPPEMAGGIO-VVANATTAL-MARIE GILLRIN-JONATHANCOUZINIE | AVEC LA PARTICIPATION EXCEPTIONNELLE DEMATT DILLON | inter,affiches_avec_texte/cannes/art_et_essai/256464.jpg
261790.jpg,berlin,art_et_essai,berlin,1.000,73 | Internationale | Berlin | Filmfestspiele | Locarno | Perspektive Deutsches Kino | First Look | ELAHA | BAYAN LAYLA | Un film de | MILENAABOYAN | WAYNA.IR | DERYA DURMAZ HADNET TESFAI NAZMI KIRIK DERYA DILBER SLAVKO POPADIĆ | ARMIN WAHEDI CANSU LEYAN BERITAN BALCI HOMA FAGHIRI RÉBER IBRAHIM | Eine Produktion von KINESCOPE FILM in Koproduktion mit FILMAKADEMIE BADEN-WÜRTTEMBERG ESSENCE FILM und SWR/ARTE | Buch MILENA ABOYAN CONSTANTIN HATZ Producer EMINA SMAJIĆ JANINA SARA HENNEMANN Bildgestaltung CHRISTOPHER BEHRMANN | Montage ELIAS BEN ENGELHARDT Szenenbild NORA BALMER CHRISTINA MAMMES Kostümbild LARA SCHERPINSKI PAULINA IMMIG | Maskenbild MILENA LAZIĆ FAYE RYAN Sound Supervisor PERSCHYA CHEHRAZI Filmmusik KILIAN OSER Redaktion STEFANIE GROß EVA-MARIA VON GELDERN | Koproduzent IGOR DOVGAL Produzentin KIRSTEN LUKACZIK Produzent MATTHIAS GREVING Regie MILENA ABOYAN | XINESCOPE FILM | FILMAKADEMIE | ESSENCEFILM | SWR> | arte | MFG | nordmedia | PLUTO' | CAMINO,affiches_avec_texte/berlin/art_et_essai/261790.jpg
263690.jpg,cannes,art_et_essai,cannes,1.000,DRIVE MY CAR | UN FILM DE RYUSUKE HAMAGUCHI | VIK | PRIX DU SCÉNARIO | FESTIVAL DE CANNES | 2021 | D'APRÈS LA NOUVELLE DE HARUKI MURAKAMI | HIDETOSHI NISHIJIMA TOKO MIURA REIKA KIRISHIMA ET MASAKI OKADA | wRaET | m | G    MWN  O N N  E N  M | inter,affiches_avec_texte/cannes/art_et_essai/263690.jpg
270855.jpg,cannes,art_et_essai,cannes,1.000,Mia Tharia | Pascale Kann | FESTIVAL DE CANNES | SÉLECTION OFFICIELLE 2024 | UN CERTAIN REGARD | September | Rakre krar | &July | un film de | Ariane Labed | culture,affiches_avec_texte/cannes/art_et_essai/270855.jpg
276214.jpg,cannes,art_et_essai,cannes,1.000,LE FILM QUI A BOULEVERSÉ LE FESTIVAL DE CANNES | FESTIVAL DE CANNES | UN CERTAIN REGARD | MEILLEUR ACTEUR et PRIX DU JURY | ABOUSANGARE | L'HISTOIRE DE | SOULEYMANE | BORIS LOJKINE | UN FILM DE | PRIX FIPRESCI DE LA CRITIQUE INTERNATIONALE | PRIX D'ENSEMBLE FRANÇOIS CHALAIS | A | inter | AM,affiches_avec_texte/cannes/art_et_essai/276214.jpg
278593.jpg,pixar,animation,pixar,1.000,PAR LES CRÉATEURS DE | COCO | ET | INDESTRUCTIIBLES 2 | WXOH | DisNey·PIXAR | ENAVANT | Swamp | Gas | LE 4 MARS AU CINÉMA | PixarFR ©eDisneyFR #EnAvant,affiches_avec_texte/pixar/animation/278593.jpg
280616.jpg,venise,art_et_essai,venise,0.999,"LAVINGT-ONQUEME HEURE DISTRISUTION | GRAND PRIX | SEMAINE DE LA CRITIQUE | MOSTRA DE VENISE | ""UN FILM CHORAL HABITÉ ET CAPTIVANT"" | PASSION CINEMA | LES FANTÔMES | D'ISTANBUL | ETREALE  AZRA DENIZ OKYAY | REME | NALAN KURUÇIM, S. EMRAR ÖZDEMIR, BERIL KAYAR, DILAYDA GÜNES, BARAN ÇAKMAK, IHSAN ÖZGEN SELIN MENEK, EKIN ARIBAS, MEHMET EMIN ÖNAL, EFE TUNCER | LE AYIAIEPE MACIA LAIE GAE RI OZICEEIN ZELTUZENC I LPTEK | N  ESE  VN    N | BURCU KARAKA SEDAT ÇIFTÇI  YÜCEL KURTUL  CENKER KÖKTEN  CIHAN ALINGAN THED SERROR  LAURE ARTO | MPM | 10204 | LE 23 AOÚT AU CINÉMA | 1",affiches_avec_texte/venise/art_et_essai/280616.jpg
285460.jpg,dreamworks,animation,dreamworks,0.999,Par les producteurs de | SHReK | ON EN MANGERAIT ! | M.POKORA | AVEC LES VORK DE | LOUANE | & | EMERA | DREAMWORKS | LeTrolls | DREAMWbDRIS,affiches_avec_texte/dreamworks/animation/285460.jpg
287214.jpg,cannes,art_et_essai,cannes,1.000,"HT FILM, INDIGO FILM | PRESENTENT | SÉLECTION OFFICIELLE | UN CERTAIN REGARD | FESTIVAL DECANNES | RICCARDO | VALERIO | SCAMARCIO | MASTANDREA | EUFORIA | UN FILM DE VALERIA GOLINO | ISABELLA FERRARI VALENTINA CERVI ET AVEC JASMINE TRINCA | ANDREA GERMANI MARZIA UBALDI IAIA FORTE",affiches_avec_texte/cannes/art_et_essai/287214.jpg
288006.jpg,cannes,art_et_essai,cannes,1.000,FILMS GRAND HUIT | Wi | Bestia | acid | CANNES | 2024 | CAMILA BELTRÁN | ÉCRIT ET RÉALISÉ PAR | SITGES | NOVES VISIONS | OFFICIAL SELECTION | 2024 | AVIC STELLA MARTINEZ MALLELY MURILLO MARCELAMAR HECTOR SANCHEZ FELIPE RAMIREZ | K | 8 | INRCIA | 二 | 04214 | stsy,affiches_avec_texte/cannes/art_et_essai/288006.jpg
288274.jpg,cannes,art_et_essai,cannes,1.000,"FLORENCE LOIRET CAILLE | SAMIR GUESMI | UN FILM DE SÓLVEIG ANSPACH | L'EFFET | AQUATIQUE | R | DIDDA JONSDÓTTIR, | FROSTI JON RUNOLFSSON. | ESTÉBAN, | PHILIPPE REBBOT, | DES RÊALISATEURS | OLIVIA CÓTE. | CANNES | JOHANNA NIZARD. | PrIxSACD | INGVAR E. SIGURDSSON, | KRISTBJÜRG KJELD. | SAMER BISHARATS. | OTTAR PROPPE | inter | OCS | vairiua Le Pacte",affiches_avec_texte/cannes/art_et_essai/288274.jpg
289340.jpg,cannes,art_et_essai,cannes,1.000,HENIA PRODUCTION ET MANEKI FILMS | PRESENTENT | IIIE | DES RÊALISATEURS | CANNES 2022 | SOUS | LES FIGUES | UN FILM DE ERIGE SEHIRI | AMENI | FDHILI | FDHILI | FIDE | FETEL | SAMAR | SIFI | LEILA | OHEBI | ELHEDI SBAHI | HNEYA BEN | MENDASSI | GAITH | ABDELHAK | MRABTI | FEDIBEN | ACHOUR | FIRAS | AMRI,affiches_avec_texte/cannes/art_et_essai/289340.jpg
295472.jpg,cannes,art_et_essai,cannes,1.000,SLOT MACHINE PRÉSENTE | VIVULE | FESTIVAL DE CANNES | CANNES PREMIÈRE | SÉLECTION OFFICIELLE 2023 | EUREKA | UN FILM DE | LISANDROALONSO | Le pade,affiches_avec_texte/cannes/art_et_essai/295472.jpg
297062.jpg,dreamworks,animation,dreamworks,0.998,C'EST SI COOL D'ÊTRE MÉCHANT | lesBAD | DREAMWORKS | GUYS | LE 6 AVRIL AU CINÉMA | DREAMAMCOS | LesBadGuysLesBadGuy-lefilm.com/UniversalFR,affiches_avec_texte/dreamworks/animation/297062.jpg
298244.jpg,cannes,art_et_essai,cannes,1.000,PETIT CHASS HIN | All | we | imagine | as | light | PAYAL KAPADIA | UNFILMDE | GRAND PRIX | FESTIVAL DE CANNES 2024 | KANI | DIVYA | CHHAYA | HRIDHU | KUSRUTI PRABHA KADAM HAROON | @aUR | culture,affiches_avec_texte/cannes/art_et_essai/298244.jpg
298667.jpg,venise,art_et_essai,venise,1.000,FELITA  CURIOSA FIUMS NON | JOUERAVEC | LINDON | VINCENT | CREPON | STEFAN | VOISIN | BENJAMIN | LEFEU | 53] | UN FILM DEDELPHINE ET MURIELCOULIN | MOSTRA DE VENISE 2024 | MEILLEUR ACTEUR | SCÉNARIO DE DELPHINE ET MURIEL COULIN | MOSTRA DE VENISE 2024 | PRIX DE LA JEUNESSE | ADAPTÉ DU ROMAN DE LAURENT PETITIMANGIN « CE QU'IL FAUT DE NUIT» PUBUÉ AUX ÉDITIONS LA MANUFACTURE DE LIVRES | BEATRICE HERMINE RERRE DESCHAMPS | WRCREE | 國 | AD VITAH,affiches_avec_texte/venise/art_et_essai/298667.jpg
301238.jpg,cannes,art_et_essai,cannes,1.000,SAÍD BEN SAID | PRÉSENTE | FESTIVAL DE CANNES | COMPÉTITION | LÉA DRUCKER | l'été dernier | un film de | CATHERINE BREILLAT | OLIVIER RABOURDIN | SAMUEL KIRCHER | ET CLOTILDE COURAU | CATHERINEBRELATSADBENSADSERBNAHUAUGEACHERANMARICALROMANEVIOLEAUMARELUASNELADACOSTALAS-ROSEGLERTPOISOJEANELAOREAFFRANOSUCUEREMAMGABRÉLEROUCDAMENLUQUET | LOPRANKAABOUTRHOADAEGASASTENDANOSMGORDONBYHEADUNOHEARTSMENOUSEKA-TOUMTOUSSPROUTIONSCNAL | CENTRE NATOINAL U CNEMA ET DEL WMAGEANMMEEAECININMIN  ONE+ INGIDRINEPYRAMDE NORDISK FLM PROUCTIONL GLOBALGATE VTERANIMENE ONECAP CE | CGKEN NBWESREE ERA CAROUNE BLANOLOIFFORD WERBRR | GRBN PYRAMIDE DISTRIBUTION SBS DISTRIBUTION ENESNEMMAEPYRAMIDE INTERNATIONAL SBSINTERNATIONAL | sbs | PROCIREP | ANGOA | CANAL+ | CNC | CINE+ | PYRAMIDE | PYR MIDE,affiches_avec_texte/cannes/art_et_essai/301238.jpg
309740.jpg,cannes,art_et_essai,cannes,1.000,AD VITAM PRESENTE | X | FESTIVAL DE CANNES | SÉLECTION OFFICIELLE 2024 | COMPÉTITION | BIRD | UN FILM DE | ANDREA ARNOLD | NYKIYA ADAMS | BARRY KEOGHAN | FRANZ ROGOWSKI | inter | 5A arte,affiches_avec_texte/cannes/art_et_essai/309740.jpg
310394.jpg,dreamworks,animation,dreamworks,0.998,C'EST QUI LE PATRON ? | DREAMWORKS | BOBY | BOSS | LE 29 MARS AU CINÉMA - EN 3D | DREAMWORKS,affiches_avec_texte/dreamworks/animation/310394.jpg
311559.jpg,cannes,art_et_essai,cannes,0.999,TS PRODUCTIONS | PRÉSENTE | FESTIVAL DE CANNES | SÉLECTION OFFICIELLE | ＥＬＬＡ | JEAN-PIERRE | CLOTILDE | JULIEN | RUMPF | DARROUSSIN | COURAU | FRISON | DE LA COMÉDIE FRANÇAISE | LE THÉORÈME | DE MARGUERITE | <g()- | gn|≤1. | P1P2P3= | P1 | usp | UN FILM DE | ANNANOVION | culture,affiches_avec_texte/cannes/art_et_essai/311559.jpg
311697.jpg,cannes,art_et_essai,cannes,1.000,KOUUK | FESTIVALDE CANNES | DALLA PORTA | CELESTE | SANDRELLI | STEFANIA | OLDMAN | GARY | SILVIO | ORLANDO | RANIERI | LUISA | LANZETTA | PEPPE | FERRARI | ISABELLA | PAOLO SORRENTINO | A FILM BY | PARTHENOPE | A PPE Fe Ar SANLAURENT | 10 | CONALR CONE,affiches_avec_texte/cannes/art_et_essai/311697.jpg
312033.jpg,cannes,art_et_essai,cannes,1.000,"TAHAR RAHIM | VIRGINIE EFIRA | ALAIN CHAMFORT | FESTIVAL DE CANNES | CANNES PREMIÈRE | SÉLECTION OFFICIELLE 2022 | DON | JUAN | UNFILM DE | SERGEBOZON | +P | P as rtpomus Sshelter prod c0 ( | tawahelter,be ING | mi3",affiches_avec_texte/cannes/art_et_essai/312033.jpg
312137.jpg,cannes,art_et_essai,cannes,1.000,AHMED ALI | ANAB AHMED | AHMED MOHAMUD | FARAH | IBRAHIM | SALEBAN | VIUAK | FESTIVAL DE CANNES | UN CERTAIN REGARD | UN FILM DE MO HARAWE | VILLAGE | LE | AUX | PORTES DU | PARADIS | AU CINÉMA LE 9 AVRIL | jour2fete,affiches_avec_texte/cannes/art_et_essai/312137.jpg
315154.jpg,cannes,art_et_essai,cannes,0.999,FESTIVAL DE CANNES 2022 | UN CERTAIN REGARD | GRAND PRIX | FESTIVAL D'ANGOULÊME 2022 | VALOIS DE DIAMANT DU | MEILLEUR FILM | LESPIRES | LES FILMS VELVET PRÉSENTE | UN FILM DE LISE AKOKA & ROMANE GUERET | SEL E | FANNY AKUBWICZ JH ARNE CHEVAL I MAHEU APLANE | É | MEPURLYUE | CAN+ | Withlony,affiches_avec_texte/cannes/art_et_essai/315154.jpg
318337.jpg,cannes,art_et_essai,cannes,1.000,DE LA CRITIQUE | 63°SEMAINE | CANNES 2024 | LES | FILLES | DU NIL | ls | NADA RIYADH&AYMAN EL AMIR | UNFILM DE,affiches_avec_texte/cannes/art_et_essai/318337.jpg
319927.jpg,venise,art_et_essai,venise,1.000,581 | MOSTRA DE VENISE | MEILLEUR ACTEUR | ORIZZONTI | FRANCESCOGHEGHI | BARBARA RONCHI | FRANCESCODILEVA | FAMILIA | UN FILM DE | FRANCESCOCOSTABILE | PRIX LEONCINA D'ORO | AGISCUOLA/UNICEF | VENISE 2024 | MENTION SPÉCIALE DU JURY | FESTIVAL DU FILM ITALIEN | VILLERUPT 2024 | PRIX DU PUBLIC | RENCONTRES DU CINÉMA | ITALIEN TOULOUSE 2024 | MEILLEUR JEUNE ACTEUR | PRIX DU JURY | VENISE 2024 | MEILLEUR FILM | PRIX FEDIC | DCPS LUCA SERVINO ERIKA AVERSA C | prodUCOOn ATTILID BE RAZZA NICOLAP | MEDU | TRUE COLOURS | TRAMP indigofilm ©GROOVE | prime | DAMNED,affiches_avec_texte/venise/art_et_essai/319927.jpg
320038.jpg,cannes,art_et_essai,cannes,1.000,tiff. | “LA RÉVÉLATION CANNOISE” | ue | er | LES CAHIERS DU CINÉMA | CANNES 2022 | PALM | VIUUK | FESTIVAL DE CANNES | PRIX DU JURY | UN CERTAIN REGARD 2022 | JOYLAND | 之男 | UN FILM DE | SAIM SADIQ | COUP DE | CaUR | PEERZADA SOHAIL SAMEER IT SANIA SAEED | VENTY ENTERTAINMENT BLOOD MOON CREATIVE | LE ABDULLAH SIDDIQUI | RINAOTTO-BERNSTEIN | inter,affiches_avec_texte/cannes/art_et_essai/320038.jpg
323297.jpg,venise,art_et_essai,"venise,venice",1.000,ZOÉ | ADJANI | AMIRA | CASAR | LYES | SALEM | CIGARE | Venice Days 2020 | Festival de Venise | Sélection Officielle | Festival du Film | Les Arcs Film | AUMIEL | de Cabourg 2021 | Festival 2020 | élection Officiel | UN FILM DE KAMIR ATNOUZ,affiches_avec_texte/venise/art_et_essai/323297.jpg
324319.jpg,venise,art_et_essai,venezia,1.000,UN | 530 | JEUNE | MOSTRA INTERNAZIONALE | LA BIENNALE DI VENEZIA 2023 | PRIX ORIZZONTI- MEILLEUR ACTEUR | D'ARTE CINEMATOGRAFICA | CHAMAN | UN FILM DE | LKHAGVADULAM PUREV-OCHIR | TERGELBOLD-ERDENE | NOMIN-ERDENEARIUNBYAMBA,affiches_avec_texte/venise/art_et_essai/324319.jpg
331522.jpg,berlin,art_et_essai,berlin,1.000,ROHFILM FACTORY DOR FILMET SOPHIE DULAC PROOUCTIONS | PRESENTENT | 68 | Compétition | du film de Berlin | Festival | International | GERMAN FILM AWARDS | 7 | MEILLEURE RÉALISATRICE | MEILLEUR FILM | RÉCOMPENSES | MEILLEURE ACTRICE | MARIE BÄUMER | 3Jours | Quiberon | UN FILM DE EMILY ATEF | AVEC LA PARTICIPATION DE | BIRGIT | CHARLY | ROBERT | DENIS | MINICHMAYR | HÜBNER | GWISDEK | LAVANT | LEBEX  NEMENPREDAMCESEN E23ARLI | MA E JANA WLE LLA NLR A OGL  OBI NS | A     MYAE | DA | distribution | SOPHIE DULAC | f#3JoursAQuiberon | www.sddistribution.fr,affiches_avec_texte/berlin/art_et_essai/331522.jpg
345011.jpg,cannes,art_et_essai,cannes,1.000,CHILI1948. | ADULÉ POUR SON ART. TRAQUÉ POUR SES IDÉES. | TORONTO | SAN SEBASTIAN | CANNES 2016 | GAEL GARCÍA BERNAL LUIS GNECCO MERCEDES MORÁN | NERUDA | UN FILM DE PABLO LARRAÍN | ace | 020,affiches_avec_texte/cannes/art_et_essai/345011.jpg
347565.jpg,cannes,art_et_essai,cannes,1.000,"""BRILLANTISSIME"" | ""JUBILATOIRE"" | LE FIGARO | LEJDD | PALME D'OR | FESTIVALDECANNES | THE | SQUARE | UN FILM DE RUBEN ÖSTLUND | CLAES | ELISABETH | DOMINIC | TERRY | BANG | MOSS | WEST | NOTARY | PAR LE RÉALISATEUR DE SNOW THERAPY | OAIICINARMIESENIA R PNISEWE CPIOCIN OCE | inter | @svtarte | Tor. PHMStanve fom | DR | eca:POR | BAC | /BACFILMS | #THESQUARE | /BACFILMS",affiches_avec_texte/cannes/art_et_essai/347565.jpg
347669.jpg,berlin,art_et_essai,berlin,1.000,FANDOS | ANDREA | 4GOYA | MEILLEUR FILM | 70 | Generation | Festival | du Film de Berlin | International | DE MOLINA | NATALIA | LAS NIÑAS | EPICENTRE FILMS | UN FILM DE | PILAR PALOMERO | NIÑOS | 十 | .www.epicentrefilms.com,affiches_avec_texte/berlin/art_et_essai/347669.jpg
354471.jpg,cannes,art_et_essai,cannes,1.000,"ISTIQLAL FILMS présente | APRÈS | FATIMA | EMMANUELLE DEVOS | AMIN | MOUSTAPHA MBENGUE | MARÈME N'DIAYE | UN FILM DE PHILIPPE FAUCON | AMINA NYINI-FAU | PHILIPPE FAUCON, YASMINA NINI-FAUCON, MUSTAPHA KHARMOUDI | NOUREDDINE BENALLOUCHE MOUSTAPHA NAHAM JALALQUARRIWA FANTINE HARDUIN SAMUEL CHURIN LOUBNA ABIDAR SORIA ZEROUAL | inter | DES RÉALISATEURS | CANNES | CANAL+ | CINE + | arte",affiches_avec_texte/cannes/art_et_essai/354471.jpg
357232.jpg,venise,art_et_essai,venezia,1.000,CINEDORARAI CINEMA | TAERNTENT | MOSTRA INTERNAZIONALE | D'ARTE CINEMATOGRAFICA | LA BIENNALE DI VENEZIA 2024 | LION D'ARGENT | GRAND PRIX DU JURY | ROBERTA | CIPRIAN | MARTINA | CARLOTTA | ROVELLI | CHIUJDEA | SCRINZI | GAMBA | VERMIGLIO | OU LA MARIÉE DES MONTAGNES | UN FILM DE | MAURA DELPERO,affiches_avec_texte/venise/art_et_essai/357232.jpg
357374.jpg,cannes,art_et_essai,cannes,1.000,"WRONG MEN, CHEVALDEUXTROIS TARIZONA DISITRIBUTION | OLIVIER | LOUISE | RABOURDIN | LEROY | DES CINÉASTES | CANNES 2023 | L'AUTA | SURAL | UN FILMDECLAUDE SCHMITZ | TIBO VANDENBORRE MARC BARBÉ FRANCIS SOETENS RODOLPHE BURGER ETLE MC BUSHIDO",affiches_avec_texte/cannes/art_et_essai/357374.jpg
362127.jpg,cannes,art_et_essai,cannes,1.000,DULAC DISTRIBUTION MNE | N CINSRO LS ROSAMONT | PRIX | DU PUBLIC | 4 OPHIRS | SÉLECTION OFFICIELLE | FESTIVAL DE CANNES | MEILLLEUR RÉALISATEUR | DANS UN SECOND RÓLE | MEILLEUR SCÉNARIO | MEILLEUR ACTEUR | MEILLEUR ACTEUR | SHAI AVIVI | NOAM IMBER | UN FILM DE NIR BERGMAN | ÉCRIT PAR DANA IDISIS | PAR LE CRÉATEUR DE | EN THÉRAPIE | FIUM FUND | DULAC | DISTRIBUTION,affiches_avec_texte/cannes/art_et_essai/362127.jpg
362230.jpg,venise,art_et_essai,venezia,1.000,MIZAR FILMS | 579 | MOSTRA INTERNAZIONALE | D'ARTE CINEMATOGRAFICA | LA BIENNALE DI VENEZIA | Sélection Officielle | KARIM | LEKLOU | SHAIN | BOUMEDINE | POURLA | FRANCE | UN FILM DE | RACHID HAMI | LUBNA AZABAL SAMIR GUESMI LAURENT LAFITTE | AVEC LA PARTICIPATION DE | + | M MOMNE MGÉEAMRGAC G  CE  ME EDAP BCSB  A | E | doan | PP | I | 200 | memento,affiches_avec_texte/venise/art_et_essai/362230.jpg
363592.jpg,cannes,art_et_essai,cannes,1.000,VIVUAL | FESTIVALDECANNES | OFFICIALSELECTION | 2020 | TRUE | MOTHERS | UN FILM DENAOMI KAWASE | Ie Ter,affiches_avec_texte/cannes/art_et_essai/363592.jpg
365406.jpg,cannes,art_et_essai,cannes,1.000,FAMART ASSOCIATION | FESTIVAL DE CANNES | SÉLECTION OFFICIELLE 2024 | COMPÉTITION | TROIS KILOMÈTRES | JUSQU'À LA FIN DU MONDE | UN FILM DE | EMANUEL PÂRVU | Que | AVEc BOGDAN DUMITRACHE CIPRIAN CHIUJDEA LAURA VASILIU VALERIU ANDRIUTA INGRID MICU-BERESCU ADRIAN TITIENI | MANEL PARVU  MRUNA BESCU AN EMANEL PAW IECENTRE AONA B DÉMA BOUMAN  PBLIOS GROUE EIA BUCHAREST  COMNCAONS OMANA | OP ANK M VST OGDAN OE  MCA NE CI  MIT EA  AMAR F PUCTION | memento | OABESGFELASMMENTOISTBUT,affiches_avec_texte/cannes/art_et_essai/365406.jpg
366659.jpg,berlin,art_et_essai,berlin,1.000,Internationale | festival | Filmfestspiele | LOS | biarritz | Berlin | amérique | Grand prix de jury intemational | GÉNÉRATION KPLUS | LOBOS | latine | UN FILM DE | SAMUEL KISHI LEOPO | 9,affiches_avec_texte/berlin/art_et_essai/366659.jpg
372864.jpg,venise,art_et_essai,venezia,0.998,578 | MOSTRA INTERNAZIONALE | LA BIENNALE DI VENEZIA 2021 | D'ARTE CINEMATOGRAFICA | Official Selection | BEA,affiches_avec_texte/venise/art_et_essai/372864.jpg
373477.jpg,cannes,art_et_essai,cannes,1.000,NICOLAS ANTHOMÉ PRÉSENTE | SÉLECTION OFFICIELLE 2021 | FESTIVAL DE CANNES | UN CERTAIN REGARD | film d'ouverture | ONODA | 10 O00 NUITS DANS LA JUNGLE | UN FILM DE | ARTHUR HARARI,affiches_avec_texte/cannes/art_et_essai/373477.jpg
380345.jpg,cannes,art_et_essai,cannes,1.000,Par le réalisateur de | Leto | VIUUNK | FESTIVAL DE CANNES | COMPÉTITION | SÉLECTION OFFICIELLE 2021 | LA FIÈVRE | DE PETROV | Un film de Kirill Serebrennikov | HYPEFILM | LOGICAL | Razor | SOVEREIGN | 当 | arte of lopcintmnes | BAC,affiches_avec_texte/cannes/art_et_essai/380345.jpg
384489.jpg,cannes,art_et_essai,cannes,0.997,MICHELLE WILLIAMS | L'art naît du chaos. | FESTIVAL DE CANNES | SÉILECTION OFFICHELLE 222 | COMPÉTITION | APRÊS FIRST COW. | LE NOUVEAU FILM DE KELLY REICHARDT | SHOWING UP | HONG CHAU JOHN MAGARO ANDRÉ BENJAMIN JUDD HIRSCH | A24 | inter,affiches_avec_texte/cannes/art_et_essai/384489.jpg
386606.jpg,cannes,art_et_essai,cannes,1.000,SEMAINE | DE LA CRITIQUE | CANNES 2018 | INCANDESCENT | LES INROCKUPTIBLES | ÉLECTRISANT | LIBÉRATION | UNE ÉNERGIE FOLLE | LE PARISIEN | FRANECINA | SEKO FILNS PESENY | SHÉHÉRAZADE | UN FILM DE JEAN-BERNARD MARLIN,affiches_avec_texte/cannes/art_et_essai/386606.jpg
390683.jpg,venise,art_et_essai,venise,1.000,L'AFFAIRE | ABELTREM | UNFILMDE | GABORREISZ | 580 | GRAND PRIX | ORIZZONTI | MOSTRA DE VENISE | UN R | menente,affiches_avec_texte/venise/art_et_essai/390683.jpg
397252.jpg,cannes,art_et_essai,cannes,1.000,"OFL BC Goud Chaos, Haut et Court Ranr Fim presentent | SHAHANA GOSWAMI | FESTIVAL DE CANNES | SÉLECTION OFFICIELLE 2024 | UN CERTAIN REGARD | SUNITARAJWAR | SANTOSH | UN POLAR AU CEUR DE L'INDE | UN FILM DESANDHYA SURI | culture",affiches_avec_texte/cannes/art_et_essai/397252.jpg
397901.jpg,cannes,art_et_essai,cannes,1.000,XOK | FESTIVAL DE CANNES | SÉLECTION OFFICHELLE 2022 | UN CERTAIN REGARD | LEBLEU DU | CAFTAN | MARYAM TOUZANI | UN FILM DE | LUBNA AZABAL | SALEH BAKRI | AYOUB MISSIOUI,affiches_avec_texte/cannes/art_et_essai/397901.jpg
397917.jpg,cannes,art_et_essai,cannes,1.000,DE LA CRITIQUE | CANNES 2023 | 62-SEMAINE | LM D'OUVERTURE | TOUTE LA BEAUTÉ DE L'ENFANCE | TÉLÉRAMA | LE RÉCIT TENDRE ET DÉCHIRANT D'UN AMOUR INFINI | LESINROCKUPTIBLES | Gloria | àma | un film de Marie AMACHOUKELI | Louise Mauroy-Panzani | Arnaud Rebotini | Ilça Moreno Zego | arto,affiches_avec_texte/cannes/art_et_essai/397917.jpg
398196.jpg,cannes,animation,cannes,1.000,CANNES | CINEMA | SOON | TAKAYUKIHIRAO | UNFILM DE,affiches_avec_texte/cannes/animation/398196.jpg
400687.jpg,berlin,art_et_essai,"berlin,berlinale",1.000,"""APRÈS LA SALLE DES PROFS, LEONIE BENESCH | LIVRE UNE PERFORMANCE MAGISTRALE"" | SO FILM | SÉLECTION OFFICIELLE 2025 | PRIX DU MEILLEUR FILM | 75 | Berlinale Special | Gala | LEONIE | BENESCH | EN | PREMIÈRE | LIGNE | UNFILMDE | PETRA VOLPE | wA.dbunch",affiches_avec_texte/berlin/art_et_essai/400687.jpg
404043.jpg,cannes,art_et_essai,cannes,1.000,UES | UN CHEF-D'CEUVRE LUMINEUX ET BOULEVERSANT | YOUUAL | FESTIVAL DE CANNES | SÉLECTION DFFICIELLE 2024 | COMPÉTITION | La plus | PRECEUSE | des | MARCHANDISES | UN FILM DE | MICHELHAZANAVICIUS | LE 20 NOVEMBRE AU CINÉMA | STUDIOCANAL | A CANAL+ COMPANY,affiches_avec_texte/cannes/art_et_essai/404043.jpg
407410.jpg,cannes,art_et_essai,cannes,1.000,"AD VTTAM | JOSH | CAROL | VINCENZO | avec la participation de | ALBA | ISABELLA | et acec | O'CONNOR | DUARTE | NEMOLATO | ROHRWACHER | ROSSELLINI | YVIUUNK | FESTIVAL DE CANNES | COMPÉTITION | SÉLECTIONOFFICIELLE2023 | LA | CHIMÈRE | un film de | ALICEROHRWACHER | AVEC LOU ROY LECOLLINET, GIAN PIERO CAPRETTO, RAMONA FIORINI, LUCA GARGIULLO, GIULIANO MANTOVANI, MELCHIORRE PALA. YILE VIANELLO, CARLO TARMATI",affiches_avec_texte/cannes/art_et_essai/407410.jpg
409153.jpg,berlin,art_et_essai,"berlin,berlinale",0.998,LIBREMENT ADAPTÉ DE | «RICHARD (II» | PAR WILLIAM SHAKESPEARE | 75 sped | Berlinale Special | 80 | no | FIERCE. | BEAST. | UN FILM DE | BURHAN QURBANI | PAR LES CRÉATEURS DE | ON EST JEUNES. ON EST FORTS. ET BERLIN ALEXANDERPLATZ | 回 | goodialcy,affiches_avec_texte/berlin/art_et_essai/409153.jpg
412106.jpg,cannes,art_et_essai,cannes,1.000,X | FESTIVAL DE CANNES | UN CERTAIN REGARD | 2023 OFFICIAL SELECTION | UN FILM DE | ANTHONY CHEN | HIVER | YANJI | 燃冬 | ZHOU DONGYU | LIU HAORAN | QU CHUXIAO | NOUK | 华影业 | REDIANCE,affiches_avec_texte/cannes/art_et_essai/412106.jpg
412501.jpg,cannes,art_et_essai,cannes,1.000,QuillAHinE | DESCINÉASTES | CANNES | Jn prince | un film de PierreCreton | andolfi | PROČIREP ANGOA,affiches_avec_texte/cannes/art_et_essai/412501.jpg
413388.jpg,cannes,art_et_essai,cannes,1.000,"SPUTNX  BUO | “Un écrin de beauté et d'espoir"" | TÉLÉRAMA | FESTIVAL DE CANNES | les | PRIX DU JURY | 2023 | ALMA PÖYSTI | JUSSI VATANEN | feuilles | mortes | Un film de AKI KAURISMÄKI | JANNE HYYTIÄINEN, NUPPU KOIVU, MATTI ONNISMAA, SIMON AL-BAZOON, MARTTI SUOSALO, | ALMA-KOIRA, SAKARI KUOSMANEN, MARIA HEISKANEN, ALINA TOMNIKOV, MAUSTETYTÖT | CINEMAMAS | @auR | DE CAFCHE | : | sreru r suro | art | ESP | /PLAN | inter",affiches_avec_texte/cannes/art_et_essai/413388.jpg
413833.jpg,cannes,art_et_essai,cannes,1.000,"LE FILM QUI A FAIT DANSER, RIRE | ET PLEURER LA CROISETTELEFIGARO | EMILIE LESCLAUX, | SAID BEN SAÍD & MICHEL MERKT | PRÉSENTENT | SONIA BRAGA | SÉLECTION OFFICIELLE | COMPÉTITION | FESTIVAL DE CANNES | AQUARIUS | UN FILM DE | KLEBER MENDONÇA FILHO | sbs | inter | DISTRIBUTION | KT",affiches_avec_texte/cannes/art_et_essai/413833.jpg
417538.jpg,cannes,art_et_essai,cannes,1.000,"PESTIVALCECANNES | cowrmcs | UN MAGNIFIQUE CONTE D'ÉTÉ, | NERVEUX ET SENSIBLE | LEFOMT | Aissatou | Suzy | Esther | DIALLO SAGNA | BEMBA | GOHOUROU | LE RETOUR | CATHERINE CORSINI | unfinde | DEDIETRICH | Lamine | GRSONI | Harckl | UPRETIO | Clal: | Mure-dege | GERCHIMS | LEDOVEN | siçne | POOALYDES | Ders",affiches_avec_texte/cannes/art_et_essai/417538.jpg
419739.jpg,cannes,art_et_essai,cannes,1.000,XUK | FESTIVAL DE CANNES | SÉLECTION OFFICNELLE 2021 | UN CERTAIN REGARD | Les | Promesses | d'Hasan | Un film de | Semih Kaplanoğlu,affiches_avec_texte/cannes/art_et_essai/419739.jpg
420415.jpg,cannes,art_et_essai,cannes,1.000,DES RÉALISATEURS | CANNES 2021 | CLARA | SOLA | UNFILMDE | NATHALIE ÁLVAREZ MESÉN,affiches_avec_texte/cannes/art_et_essai/420415.jpg
422266.jpg,cannes,art_et_essai,cannes,1.000,JUSTE | capriool | VOK | FESTIVALDE CANNES | CANNES PREMIÉRE | SOUS | VOS | YEUX | «UN FILM | SPLENDIDE | ET. | MÉLANCOLIQUE» | LIBÉRATION | un film de | HONG SANGSOO | LEE HYEYOUNG KWON HAEHYO | SEOYNGHONSANO | SEONGGUK | DIRECTHICE DE PRIO | CAHIERS | CRIENGUE | CINEMA,affiches_avec_texte/cannes/art_et_essai/422266.jpg
425903.jpg,cannes,art_et_essai,cannes,1.000,XN | FESTIVAL DE CANNES | UN CERTAIN REGARD | 2022 OFFICIAL SELECTION | CHIEKO | BAISHO | HAYATO | ISOMURA | STEFANIE | ARIANNE | PLAN | 75 | CHIE HAYAKAWA | A FILM BY | enbeydo.0 mpver.v | URBAN | URBAN | LOADED | FILMS | EUROZOOM,affiches_avec_texte/cannes/art_et_essai/425903.jpg
426708.jpg,cannes,art_et_essai,cannes,0.999,FESTIVAL DE CANNES | ALBA | MAAVANE | ROBRWACHER | CONTI | Marcel! | JASMINE TRINCA | A PIUM Pe | POUR | TOUJOURS | MARCEL! | YOT | 2,affiches_avec_texte/cannes/art_et_essai/426708.jpg
428096.jpg,dreamworks,animation,dreamworks,1.000,DREAMWORKS' | LECOMPLOTDU | MEGA-MEGAMIND | TM,affiches_avec_texte/dreamworks/animation/428096.jpg
428574.jpg,cannes,comedie,cannes,0.999,FESTIVAL DECANNES | Marseille 46℃ | 3 colocataires | 1 voisin mystérieux | Wacoub | Souheila | Codreanu Merlant | Sanda | Noémie | fenmes | Les | balcon | Un film de Noémie Merlant | ferit en coliaboraden aree Céline Nelamma | avee Lueas Bravo | -DiagneChristophe Monte,affiches_avec_texte/cannes/comedie/428574.jpg
428933.jpg,berlin,art_et_essai,"berlin,berlinale",1.000,FIPRESCI | Best Director | Film Critics Awa | Berlinale 2021 | 71= | Encounters | un film de Ramon & Silvan Zürcher | LaJeune | Fille et | 'Araignée,affiches_avec_texte/berlin/art_et_essai/428933.jpg
433396.jpg,cannes,art_et_essai,cannes,1.000,PAR LE RÉALISATEUR DE | SNOW THERAPY ET THE SQUARE | PALME D'OR | FESTIVAL DE CANNES 2022 | HARRIS | CHARLBI | WOODY | DICKINSON | DEAN | HARRELSON | SANS FILTRE | (TRIANGLE OF SADNESS) | UN FILM DE | RUBEN ÖSTLUND | PRIX | inter | BUC,affiches_avec_texte/cannes/art_et_essai/433396.jpg
436467.jpg,venise,art_et_essai,venise,1.000,Plegel | CG CINÉMA | 575 | FESTIVAL DE VENISE | En compétition | Juliette | BINOCHE | DOUBLES | VIES | un film de | Olivier ASSAYAS | Guillaume | CANET | Vincent | MACAIGNE | Christa | Nora | THERET | HAMZAWI | avecla paticipation de Pascal Greggorye Laurent Poitrenaux Sigrid Bouaziz Lionel Dray Antoine Reinartz Nicolas Bouchaud Aurélia Petit Thierry de Peretti Violaine Gillibert | E | CC | V4GS% | arte,affiches_avec_texte/venise/art_et_essai/436467.jpg
442707.jpg,cannes,art_et_essai,cannes,1.000,"EX MIRILD PRESERTE | ""UN DES COUPS DE FOUDRE DU FESTIVAL DE CANNES | PREMIERE | VINGT | FESTIVAL DE CANNES | PRIX DE LA JEUNESSE | FFA ANGOULÉME | GRAND PRIX | JEANVIGO | PAIX | DIEUX | UN FILM DE | LOUISE | COURVOISIER | CLEMENT FAVEAU | MAIWENE BARTHELEMY | LUNA GARRET | MATHIS-BERNARD | DIMITRY BAUDRY | -3cinéma | CANACO | DG MAACE 3003 | inter",affiches_avec_texte/cannes/art_et_essai/442707.jpg
449077.jpg,cannes,art_et_essai,cannes,0.998,LES OLYMPIADES | FESTIVAL DECANNES | COMPETITION | UN FILM DE | JACQUES AUDIARD | LUGIE ZHANG MAKITA SAMBA NOÉMIE MERLANT JEHNNY BETH | inter,affiches_avec_texte/cannes/art_et_essai/449077.jpg
449472.jpg,dreamworks,animation,dreamworks,1.000,UNE MISSION.. | PAS POUR LES MANCHOTS | LES | PINGOUINS | DREAMWORKS | MADAGASCAR,affiches_avec_texte/dreamworks/animation/449472.jpg
449792.jpg,cannes,art_et_essai,cannes,1.000,CURIOSA FILMS | VIRGINIE | EFIRA | rien | aperdre | VUUNK | FESTIVAL DE CANNES | UN CERTAIN REGARD | SÉLECTION OFFICIELLE 2023 | UN FILM DE DELPHINE DELOGET | FÉLIX LEFEBVRE ARIEH WORTHALTER MATHIEU DEMY INDIA HAIR | 13E度铝 | UE A C | CORIDIA | UNITE | -Sonemo | francerty | Cralli | 14004 | u | france-tvdistibution,affiches_avec_texte/cannes/art_et_essai/449792.jpg
451475.jpg,berlin,art_et_essai,berlin,1.000,LE | OURS D'OR | FESTIVAL DU FILM | DE BERLIN 2020 | DIABLE | N'EXISTE | PAS | MOHAMMAD RASOULOF | UNFILM DE | IS G  N  JLSN | E SE | RAZRANN | arte,affiches_avec_texte/berlin/art_et_essai/451475.jpg
455465.jpg,cannes,art_et_essai,cannes,1.000,KORO FILMSBACFILMS | LAURE | ANGÈLE | PAULINE | DUCHÊNE METZGER SERIEYS DE TARLE | ISABELLE | PHILIPPE | DEHERTOGH REBBOT | PRIX DU PUBLIC | mon premi | 2019 | SÉLECTION | CANNES | ÉCRANS JUNIORS | 2019 | 100 | kilos | d'etviles. | UNFILMDEMARIE-SOPHIECHAMBON | ELATIORIT | SP-7,affiches_avec_texte/cannes/art_et_essai/455465.jpg
455652.jpg,venise,art_et_essai,venise,0.998,MAJAKPROOUCTONS | URUMNOORNT | MOSTRADEVENISE | PRIX DU PUBLC | tiff | SAINT.JLEAN-De-lbz | GOLSHIFTEH FARAHANI | Un divan à Tunis | UN FILM DE | MANELELABIDI | FREL,affiches_avec_texte/venise/art_et_essai/455652.jpg
456113.jpg,cannes,art_et_essai,cannes,1.000,IN | FARRELL | XUUK | FESTIVALDECANNES | sundance | AFTER | YANG | UN FILM DE KOGONADA | A24 N H ONEAC & PERP CAPPITA/CO | ALY JESSIAKELLY ASIA MAISSUMIO | APN MUCH SAAMTO ALUN BASNALEANDPASCALLE | THERESA PARK ANDREN GOLOMAN CAROLINE APAN PAL MEZEYY | GEHTOESENENOGOAPERCAPITA | A24,affiches_avec_texte/cannes/art_et_essai/456113.jpg
456581.jpg,cannes,art_et_essai,cannes,1.000,LE FILM QUI A ÉLECTRISÉ LA CROISETTE! | CANNES 2018 | MEILLEUR SCÉNARIO | SEMAINE DE LA CRITIQUE | PRIX DU PUBLIC | SEMAINE DE LA CRITIQUE | GRAND RAIL D'OR | COUP DE CEUR | CINÉCOLE 2018 | WoMaN | AT | WAR | F | BENEDIKT ERLINGSSON | CFC@Causette | AU CINÉMA LE 4 JUILLET | SENSCRITIQUE | Télérama',affiches_avec_texte/cannes/art_et_essai/456581.jpg
457356.jpg,venise,art_et_essai,venezia,1.000,NOVOPROD CINÉMA | présente | 578 | MOSTRA INTERNAZIONALE | D'ARTE CINEMATOGRAFICA | LA BIENNALE DI VENEZIA 2021 | Sélection Officielle Orizzonti | Meilleur | Réalisateur | Meilleure | Actrice | LAURE | CALAMY | À PLEIN | TEMPS | UN FILM DE | ÉRIC GRAVEL | GAHGEGNMNAWN | N | NOVO2   francetv r,affiches_avec_texte/venise/art_et_essai/457356.jpg
459502.jpg,pixar,animation,pixar,0.997,Disnep · PIXAR | LE VOYAGE | D'ARLO,affiches_avec_texte/pixar/animation/459502.jpg
460987.jpg,cannes,art_et_essai,cannes,1.000,LE NOUVEAU CHEF-D'EUVRE DU RÉALISATEUR DE OLD BOY | THE JOKERS EN ASSOCIATION AVEC BAC FILMS | PRESENTENT | SÉLECTION OFFICIELLE | COMPÉTITION | FESTIVAL DE CANNES | MADEMOISELLE | UN FILM DE PARK CHAN-WOOK | BC,affiches_avec_texte/cannes/art_et_essai/460987.jpg
461675.jpg,cannes,art_et_essai,cannes,1.000,«DÉCHIRANT DE BEAUTÉ ET DE POÉSIE. »LACROIX | YUI SUZUKI · HIKARIISHIDA · LILY FRANKY | FESTIVAL DE CANNES | COMPÉTITION | RENOIR | CHIE HAYAKAWA | EUROZOOM,affiches_avec_texte/cannes/art_et_essai/461675.jpg
468422.jpg,cannes,art_et_essai,cannes,0.989,PALME D'OR | FESTIVAL DE CANNES | UNE·AFFAIRE DE FAMILLE | UN FILM DE KORE-EDA HIROKAZU | LILY FRANKY·ANDO SAKURA·MATSUOKA MAYU·KIKI KILIN | IANGAN | NEENRE N M UI GAMU | inter | GAGA* WiLd bunch 020I8RITEMNAET | Le Pacte,affiches_avec_texte/cannes/art_et_essai/468422.jpg
469438.jpg,dreamworks,animation,dreamworks,0.998,"EN FAMILLE, ON SE BIDONNE! | PANDA | DREAMWORKS | 3 | LE30MARSAUGINEMA-EN3D | DREAMMOROS",affiches_avec_texte/dreamworks/animation/469438.jpg
472497.jpg,cannes,art_et_essai,cannes,0.997,I RRERATEANGE | REVIVRE POUR L'ÉTERNITÉ | NOS CÉRÉMONIES | UN FILM DE | SIMON RIETH | DE LA CRITIQUE | 61*SEMAINE | CANNES2022 | RAYMOND BAUR | SIMON BAUR | MAÍRA VILLENA | RE  NEW | + + | 14004 | 13 | cinitigé,affiches_avec_texte/cannes/art_et_essai/472497.jpg
476695.jpg,cannes,horreur,cannes,1.000,PAR L'AUTEUR ET RÉALISATEUR DE | EX MACHINA ET ANNIHILATION | DES RÊALISATEURS | CANNES 2022 | MEN | LE MÂLE ENGENDRE LE MAL | LE 8 JUIN AU CINÉMA | A24,affiches_avec_texte/cannes/horreur/476695.jpg
477685.jpg,venise,animation,venezia,1.000,THE EXTERNAL WORLD | A | DAVID OREILLY FILM | GRAND PRIZE | WINNER | ANIMATION | FESTIVAL | OTTAWA | VENEZIA CINEMA 2010 | Orizzonti – Competition | SUNDANCE | FILM FESTIVAL | OFFICIAL SELECTION | 2011 | GRAND PRIZE | KURZFILMTAGE | WINNER | WINTERTHUR | FFA | AGKurzfilm | german | ilms | DETAiLFILM,affiches_avec_texte/venise/animation/477685.jpg
478798.jpg,cannes,art_et_essai,cannes,0.998,PRIX DE LA MISE EN SCÈNE | FESTIVAL DE CANNES | BACCALAURÉAT | ÉCRIT ET RÉALISÉ PAR | CRISTIAN MUNGIU | inter,affiches_avec_texte/cannes/art_et_essai/478798.jpg
491979.jpg,berlin,art_et_essai,berlin,1.000,KÖLN 75:LE CONCERT MYTHIQUE | 75 | Internationale | Filmfestspiele | Berlin | AU | RYTHME | DE | VERA | C | MALA EMDE JOHN MAGARO MICHAEL CHERNUS | AU CINÉMA LE 25 JUIN | CINÉMAS | ART& | ESSAI,affiches_avec_texte/berlin/art_et_essai/491979.jpg
492040.jpg,berlin,art_et_essai,berlin,1.000,HESS | COURIR EST SA SEULE ARME | Film Festival | Berlin Indie | Independent Film | Montreal | Festival | 2023 | UN FILM ÉCRIT ET RÉALISÉ PAR | ALEXANDRE LEMOINE-COURX | COLLEAU | Pierre | SABYANI | Elyes | Stéphane | ROUX | MHAMDI | Mounir | Sélóna | DIOUF,affiches_avec_texte/berlin/art_et_essai/492040.jpg
498055.jpg,pixar,animation,pixar,0.999,LIGHTYEAR | RU CINÉMA EN 2022 | Disnep-PIXAR,affiches_avec_texte/pixar/animation/498055.jpg
498249.jpg,cannes,art_et_essai,cannes,1.000,Omnes Films présente | COMPÉTITION | FESTIVAL DE | DES CINÉASTES | CANNES 2024 | DEAUVILLE | 2024 | “D’une beauté assourdissante | TÉLÉRAMA | Noël à Miller's Point | UN FILM DE TYLER THOMAS TAORMINA | OMNES FIMS PENETYLER THOMAS TAORMINA CHRISTMAS EVE INMILER'S POINT/NOÉLÀMLLER'S POINT MATILDA FLEMING MARA DIZZA BEN SHENKMAN FRANCESCA SCORSESE ELSIE ISHER LEV CAMERON | SAWYER SPIELBERG GREG TURINGTON CHAE CER COGCARSON LUN PARISPETERSON  OENTA E EVIN NTON  RISTA MINT TLER TOM TAORMIN | DAMO CROLEY BROYLES OUNCAN SULLNAN MCHAEL CERAUCJEREM GARONER JOSEPH LIPSEY BROC PIERCE JASON STONE HANAH OWECK THEODORESCHAEFER ÉISTERICBERGE TLER THOMA TAORMINA | MAGNIFY | EAUISE LERI HMAIS IORMINA NES ENIMAGNI S  NIEP NAME I AIBBUTION | DWECK | PANAME,affiches_avec_texte/cannes/art_et_essai/498249.jpg
499985.jpg,cannes,art_et_essai,cannes,1.000,PRIX FONDATION LOUIS ROEDERER | 61= SEMAINE DE LA CRITIQUE | DE LA RÉVÉLATION | CANNES 2022 | RAIL D'OR DU LONG-MÉTRAGE | PRIX FIPRESCI | zelda | alexis | fanta | SAMSON | MANENTI | GUIRASSY | ＤＡＬＶＡ | un film de | EMMANUELLENICOT,affiches_avec_texte/cannes/art_et_essai/499985.jpg
502824.jpg,cannes,art_et_essai,cannes,1.000,SiLEX | AND | CiTY | THE | LE FiLM | ANVEDY | FESTIVAL DE CANNES | SÉLECTION OFFICIELLE 2024 | SÉANCES ÉVÉNEMENTS | REALiSE PAR JUL & GUiGUE | 址18 | N | W MRI PIC NNE NEERT | SP,affiches_avec_texte/cannes/art_et_essai/502824.jpg
505298.jpg,cannes,art_et_essai,cannes,0.999,"BARNEY PRODUCTION | ""UN POLAR D'UNE INCROYABLE INTENSITÉ"" | HUMANITÉ | LES MEUTES | N | K A M A | LAZR A | PRIX DU JURY | FESTIVAL DE CANNES 2023 | UN CERTAIN REGARD | 14204 | CAVIAR",affiches_avec_texte/cannes/art_et_essai/505298.jpg
506145.jpg,berlin,art_et_essai,berlin,1.000,"71 | Internationale | Filmfestspiele | Berlin | Panorama | LES IDIOTS & 21 JUIN CINÉMA | THE WORLD | AFTERUS | A FILM BY LOUDA BEN SALAH-CAZANAS | WITH AURÉLIEN GABRIELLI & LOUISE CHEVILLOTTE | SAADIA BENTAÍEB, JACQUES NOLOT, LÉON CUNHA DA COSTA, MIKAÊL CHIRINIAN & NOÉMIE SCHMIDT | PRODUCED BY OLIVIER CAPELLI & LAURENT ROCHETTE, INTERNATIONAL SALES | BeforFilms",affiches_avec_texte/berlin/art_et_essai/506145.jpg
506281.jpg,cannes,art_et_essai,cannes,1.000,DULAC DISTRIBUTION er STILL MOVING | «UN PETIT BIJOU DE COMÉDIE NOIRE» | PREMIÈRE *** | 43CINEMED | MONTPELLIER | FESTIVAL DE CANNES | 2022 | UN CERTAIN REGARD | PRIX DU SCÉNARIO 2022 | INATIONAL | FIEVRE | MÉDITERRANÉENNE | buill | MAHA HAJ | UN FILM DE | NKWNJEPIEENWEEEKIASE | ARAKBIMBSERRDRANAATENULJORGIEWAN | N,affiches_avec_texte/cannes/art_et_essai/506281.jpg
510154.jpg,cannes,art_et_essai,cannes,1.000,t ALBA PICTURES | WHY NOT PRODUCTIONS | SOUFIANE | SOUHEILA | GUERRAB | YACOUB | DES RÊALISATEURS | Société des réalisateurs de films | CANNES 2021 | DE | BAS | ÉTAGE | UN FILM DE YASSINE QNIA | CINE + | [O2 | widturch Le Pacte,affiches_avec_texte/cannes/art_et_essai/510154.jpg
511871.jpg,cannes,art_et_essai,cannes,1.000,ATMOMEMENTO PRODUCTION | PRESENTENT | N | PRIX DU SCÉNARIO | FESTIVAL DE CANNES 2022 | TAWFEEK | LA | FARES | BARHOM | FARES | CONSPIRATION | DU CAIRE | UN FILM DE | TARIK SALEH | MOHAMMAD BAKRI MAKRAM J KHOU | ALTAWIL RAMZI CHOUKAIR | inter | ATO  UFO a | memento,affiches_avec_texte/cannes/art_et_essai/511871.jpg
511929.jpg,venise,art_et_essai,venise,1.000,FIN AOÛT PRÉSENTE | NIELS | ADÈLE | SCHNEIDER | EXARCHOPOULOS | 576 | Festival de Venise 2019 | Orizzonti | PRIX DU SCÉNARIO | REVENIR | Un film de JESSICA PALUD | PATRICK D'ASSUMÇAO - HÉLÈNE VINCENT - FRANCK FALISE - JONATHAN COUZINIÉ - ROMAN COUSTÈRE-HACHEZ | SCENARIO JESSICA PALUD / PHIPPE LORET / DIASTÈME /UREMENT AOAPTE DE - L'AMOUR SANS LE FAIRE - DE SERGE JONCOUR EDITONS FLAMMARION | EL TUST ELD /E DGU LE O UIN | ANEEHEE  E  E | CO SEUN HO   ESTHE SU AN CEN YOLANDE DEARS VENT EU  DEAHR | FINAOUT | ocs | PTRAMIRE | CONGO,affiches_avec_texte/venise/art_et_essai/511929.jpg
512045.jpg,berlin,art_et_essai,berlin,1.000,"PYRAMIDE PRÉSENTE | ALLEMAGNEDEL'EST,1956 | UNE MINUTE DE SILENCE A FAIT BASCULER LEURS VIES | FESTIVAL DE BERLIN 2018 | SELECTION OFFICIELLE | RÉVO LUTIO N | SILENCIEUSE | un film de LARS KRAUME",affiches_avec_texte/berlin/art_et_essai/512045.jpg
513420.jpg,cannes,art_et_essai,cannes,1.000,NOURRIR LE MONDE DE DEMAIN... À QUEL PRIX ? | SEMAINE | DE LA CRITIQUE | CANNES 2020 | SULIANE | SOFIAN | MARIE | RAPHAÊL | BRAHIM | NUÉE | ROMAND | DELALDMEDIEFRANÇAISE | LA | JUST PHILIPPOT | RÉALISÉ PAR | JEROME GENEVRAYFRANCKVICTOR | JEROMEGENEVRAY | inter | CANAL+,affiches_avec_texte/cannes/art_et_essai/513420.jpg
516174.jpg,cannes,comedie,cannes,1.000,DES RÊALISATEURS | CANNES 2019 | THOMAS et MATHIEU VERHAEGHE présentent | AU | JEAN | ADÈLE | DUJARDIN | HAENEL | LEDAIM | UN FILM DE | QUENTIN DUPIEUX | SCINABIO IMAGE MONING QUENTIN DUPIEUX DÉCORS A DHICTION AMETSTIQUX JOAN LE BORU MX OLIVIER AFONSO COSTUMES ISABELLE PANNETIER SON GURLLAUME LE BRAZ RÉGIS BOUSSIN ALEXIS PLACE | STEPHANE AVENARD POST | ABRAHAM GOLDBLAT CAMILLE CARIOU PROOUCHLS DGIGUES THOMAS | DIMTISTEPHANIDES&GREGORYGHAMBET | M. JAMAL ZEINAL ZADE AMIC LA PARTICIPAION DU CENTRE NATIONAL DU CINÉMA ET DE L'IMAGE ANIMÉE ANIC IE SOUTIN  LA RÉGION NOUVELLE-AQUITAINE IN PARTIABIAI AIHC U CNC | MICEUTN TAXSHELTERDU GOUMERNEMENTFÉDÉRAL DE BEIGIQUEINVESTISSELRS TAXSHELTERS MCA | PION E ARTE FRANCE CANAL+ OCSMENISN | inter | arte | um | Garidi. | CANAL+ | ocs | CNCE | Cinemoge | WTFILMS | diaphana,affiches_avec_texte/cannes/comedie/516174.jpg
519095.jpg,venise,art_et_essai,venezia,0.999,WHY NOT PRODUCTIONSHOLE IN ONE FILMS | SAMI BOUAJILA | ROSCHDY ZEM | MAIWENN | MOSTRA INTERNAZIONALE | LA BIENNALE DI VENEZIA 2022 | D'ARTE CINEMATOGRAFICA | Compétition Officielle | .les | Miens | UN FILM DE | ROSCHDY ZEM,affiches_avec_texte/venise/art_et_essai/519095.jpg
523831.jpg,dreamworks,animation,dreamworks,0.999,50% CHIEN | 50% HUMAIN | 100% HÉROS | DOGMAN | DREAMWORKS | LE 29 JANVIER AU CINÉMA,affiches_avec_texte/dreamworks/animation/523831.jpg
523927.jpg,cannes,art_et_essai,cannes,1.000,FESTIVAL DE CANNES | SÉLECTION OFFICIELLE2024 | CANNES PREMIÉRE | MICHÉEETLAUREN PETIN | VIVRE | PESNTINT | MOURIR | VICTOR BELMONDO | LOU LAMPROS | THÉO CHRISTINE | RENAITRE | UN FILM DE | GAÉL MOREL | MCHE LA  VCTOR ED  AMPR HEO CIE VE MOUR ENE  GA E LAUREELMAS | E NN    ER | JEAN INONOCNEROZENBER CHRISTOPHE VINGTRINIER CATHERINE SCHWARTZHIEYCRETAGNE | T RANCE CINE  CNALCÉ A REGION EDEFRANC | CINE+ | CNO | GAP AETEOCE CNEMAON | CANAL+ | aFrance | A,affiches_avec_texte/cannes/art_et_essai/523927.jpg
525581.jpg,cannes,art_et_essai,cannes,1.000,C’est un nouveau monde. | Sommes-nous frappés d’obsolescence ? | MAR | FESTIVAL DE CANNES | COMPÉTITION | SÉLECTION OFFICIELLE 2022 | VIGGO | LÉA | KRISTEN | MORTENSEN | SEYDOUX | STEWART | UN FILM DE | DAVID CRONENBERG | AU CINÉMA LE | 25 | CRIMESFUTUR | MAI | SERENT E AG PON N EENTS CBER | IGGO MORTENE EA SYIOU RSTEN TEAR ES CRMES U FETUR (CRINES OF NE FOTURE SOT SPEA  RO | inter,affiches_avec_texte/cannes/art_et_essai/525581.jpg
532046.jpg,cannes,art_et_essai,cannes,1.000,“NOTRE PALME D'OR | 99 | TÉLÉRAMA | SÉLECTION OFFICIELLE | COMPÉTITION | FESTIVAL DE CANNES | Ah-In YOO | Steven YEUN | Jong-Seo JUN | BURNING | un film de LEE Chang-Dong | 'APÉS A NVELEES GRANGES BRÜÉLÉE  HARUKI MURAKAMI | inter | AFCOE | IPRESCI,affiches_avec_texte/cannes/art_et_essai/532046.jpg
532373.jpg,venise,art_et_essai,venise,1.000,HABIB ATTIA ET MARC IRMER PRÉSENTENT | 576 | FESTIVAL INTERNATIONAL | DU FILM DE VENISE 2019 ORIZZZNT7 | MEILLEURACTEUR | FESTIVAL BFI | DU FILM DE LONDRES | SAMI | SÉLECTIONOFFICIELLE2019 | BOUAJILA | NAJLA | BEN ABDALLAH | un fils | UN FILM DE MEHDI M. BARSAOUI | YOUSSEF KHEMIRI | NOOMEN HAMDA | SLAH MSADDAK | MOHAMED ALI BEN JEMAA | NE    MA J | CN | Télérama | AU CINÉMA LE 11 MARS 2020,affiches_avec_texte/venise/art_et_essai/532373.jpg
533856.jpg,cannes,art_et_essai,cannes,1.000,JAFAR PANAHI FIL M PRODUCTION | APRÈS“TAXI TÉHÉRAN” | PRIX DU SCÉNARIO | FESTIVAL DE CANNES | TROIS | VISAGES | UN FILM DE | JAFAR PANAHI | memento | inter | films,affiches_avec_texte/cannes/art_et_essai/533856.jpg
534152.jpg,cannes,art_et_essai,cannes,1.000,PILI FILMS ET GOI-GOÍ PRODUCTIONS PRESENTENT | FESTIVAL DE CANNES | COMPÉTITION | SÉLECTION OFFICIELLE 2021 | LiNGUi | LES LIENS SACRÉS | ÉCRIT ET RÉALISÉ PAR | MAHAMAT-SALEH HAROUN | ACHOUACKH ABAKAR SOULEYMANE | RIHANE KHALIL ALIO | NG MAHEU GOMBN ING N MAREIELENE O THN | WANENENN N GPON ( M E EING AGNEM BUE | MNGIE AC AEMAN | CENITE OUCNEMA E CIOMSUEL DE  IAFEDERA | ANONG HN  MPS SONNENSTUDILWE AE O GRE EN EAINRN BOUTIOLEE | PLIENI | CAMAR | AD VITAH,affiches_avec_texte/cannes/art_et_essai/534152.jpg
534649.jpg,berlin,art_et_essai,berlin,1.000,SRMTWARCEVN | DAOMEY | APRÈS | ATLANTIQUE | LE NOUVEAU FILM DE | MATI DIOP | 74 | Ours d'Or | Internationale | Berlin | Filmfestspiele | LES FILMS DU BAL | arte | CA | culture,affiches_avec_texte/berlin/art_et_essai/534649.jpg
541631.jpg,cannes,art_et_essai,cannes,1.000,DHARAMSALAPRESENTE | GÉRARD DEPARDIEU | DÉBORAH LUKUMUENA | 60° SEMAINE | DE LA CRITIQUE | CANNES 2021 | FILM D'OUVERTURE | ROBUSTE | UN FILM DE | CONSTANCE MEYER | c WMBSAMNDE NNEN | PE++ | P | CAAIR | 0 | mr | crallgl,affiches_avec_texte/cannes/art_et_essai/541631.jpg
544336.jpg,cannes,art_et_essai,cannes,1.000,X | NOUR FILMS | PRESENTE | FESTIVAL DE CANNES | SÉLECTION OFFICIELLE 2024 | UN CERTAIN REGARD | ALFARHAN | YAGOUB | MARIA | BAHRAWI | ABDULLAH | ALSADHAN | NORAH | UN FILM DE | TAWFIK ALZAIDI | M | RA | NOUR:,affiches_avec_texte/cannes/art_et_essai/544336.jpg
544366.jpg,cannes,art_et_essai,cannes,1.000,10:151 PRODUCTIOWS PRÉSENTE | PIERREDELADONCHAMPS | FESTIVAL DE CANNES | SÉLECTION OFFICIELLE | 2020 | VAURIEN | UN FILM DE PETER DOUROUNTZIS | AVEC OPHÉLIE BAU- SÉBASTIEN HOUBANI·CANDIDE SANCHEZ,affiches_avec_texte/cannes/art_et_essai/544366.jpg
544407.jpg,cannes,art_et_essai,cannes,0.999,PUISSANT. PERCUTANT. FABULEUX. CAPTIVANT. | L'OBS | LE POINT | LE FIGARO | LA CROIX | PAR LE RÉALISATEUR DE UNE SÉPARATION | LE CLIENT | UN FILM DE ASGHAR FARHADI | PRIX DU SCÉNARIO | FESTIVAL DE CANNES | XK | PRIX D'INTERPRÉTATION | MASCULINE | FESTIVAL DE CANNES | ENA A SS S | inter | BUTION ARTE FRANCEDOA FM ISTITUTE IAMEMENTO FRNS WTERNATONAL I MEMENTO FLMS OISER | arte,affiches_avec_texte/cannes/art_et_essai/544407.jpg
547861.jpg,berlin,art_et_essai,berlin,1.000,LES FILMS DU BÉUER = MY NEW ICTURE Eee | FAURE | JULIA | GASPARD | ULLIEL | LAETITIA | CASTA LACOSTE GARREL DEMOUSTIER | VINCENT | A4C uS VOX DE | LOUIS | ANAIS | LABEQUE | LOUISE | F72 | Festival | du Film de Berlin | International | Encounters | COMA | UN FILM DE | BERTRAND BONELLO | ca | 6一,affiches_avec_texte/berlin/art_et_essai/547861.jpg
552760.jpg,cannes,art_et_essai,cannes,1.000,CG CINEMA | VIUAK | PRESENTE | Film Francophone | FESTIVAL DE CANNES | D'ANGOULEME | SÉLECTION OFFICIELLE | 2020 | NICOLAS | NATHALIE | Garçon | MAURY | BAYE | Chiffon | UNFILMDENICOLASMAURY | ARNAUDVALOIS | T H É O C H RISTIN E | AVEC LA PARTICIPATION DE LAURE CALAMY | D NECRS ME NDA SRS ELSAIMN | CENAMPOCTNNSMSLOSANGCINEMGELAEAGNMLANE | EEENCSSANEer,affiches_avec_texte/cannes/art_et_essai/552760.jpg
555342.jpg,cannes,art_et_essai,cannes,1.000,"VAK | FESTIVAL DECANNES | SÉLECTION OFFICIELLE | 2020 | JORDANA SCHNEIDER MACAIGNE DEQUENNE | CAMELIA | NELS | VINCENT | EMLE | THIAM | JENNA GUILLAUME | GOUX | LES CHOSES | QU'ON DIT, | LES CHOSES | QU'ON FAIT | EMMANUEL MOURET | UN FUMDE | JUTIA PATON FANBAPTISTE ANOUMON | OUSDODFLENCOIESANG | inter",affiches_avec_texte/cannes/art_et_essai/555342.jpg
555596.jpg,cannes,art_et_essai,cannes,0.999,"ARCHIPEL 35 PRESENTE | Un grand film sur la jeunesse | par le réalisateur de “entre les murs"". | TÉLÉRAMA | FIRA | SÉLECTION OFFICIELLE | UN CERTAIN REGARD | FESTIVAL DE CANNES | MARINA FOIS MATTHIEU LUCCI | L'ATELIER | UN FILM DE LAURENT CANTET | SCÉNARIO DE ROBIN CAMPILLO ET LAURENT CANTET | WARDA RAMMACH ISSAM TALBI FLORIAN BEAUJEAN MAMADOU DOUMBIA JULIEN SOUVE MÉUISSA GUILBERT OLIVIER THOURET LÉNY SELLAM | inter",affiches_avec_texte/cannes/art_et_essai/555596.jpg
563031.jpg,cannes,art_et_essai,cannes,1.000,NOÉE ABITA | LAURE CALAMY | JUAN CANO | SEMAINE | DE LA CRITIQUE | CANNES 2017 | AVA | UN FILMDE LÉA MYSIUS | RCATCNGINICAD | NONasOM | CANAL+,affiches_avec_texte/cannes/art_et_essai/563031.jpg
563143.jpg,cannes,art_et_essai,cannes,1.000,"EAUX VIVES PRODUCTIONS | NIKO FILM, SAMSA FILM ET MER FILM | IN COPROOUCTION AVIC | VICKY | FESTIVAL DE CANNES | UN CERTAIN REGARD | GASPARD | SÉLECTION OFFICIELLE 2022 | KRIEPS | ULLIEL | PLUS | QUE | JAMAIS | UN FILM DE | EMILY ATEF | 昭证源me源s | 0 | arte",affiches_avec_texte/cannes/art_et_essai/563143.jpg
563999.jpg,cannes,art_et_essai,cannes,1.000,XIUAE | PAR LE RÉALISATEUR DE | OSCAR' DU | GRAND PRIX | FESTIVAL DE CANNES | LE FILS DE SAUL | ÉTRANGER | MEILLEUR FILM | 575 | SUNSET | FESTIVAL DE VENISE | PRIX FIPRESCI | UN FILM DE LÁSZLÓ NEMES | culture | 出。 | 7 | PLAYTIME,affiches_avec_texte/cannes/art_et_essai/563999.jpg
563999.jpg,venise,art_et_essai,venise,1.000,XIUAE | PAR LE RÉALISATEUR DE | OSCAR' DU | GRAND PRIX | FESTIVAL DE CANNES | LE FILS DE SAUL | ÉTRANGER | MEILLEUR FILM | 575 | SUNSET | FESTIVAL DE VENISE | PRIX FIPRESCI | UN FILM DE LÁSZLÓ NEMES | culture | 出。 | 7 | PLAYTIME,affiches_avec_texte/venise/art_et_essai/563999.jpg
565420.jpg,cannes,art_et_essai,cannes,1.000,PRIX UN CERTAIN REGARD | FESTIVAL DE CANNES | UN CHEF-D'EUVRE DÉSENCHANTÉ | UN COUP D'ÉCLAT. ÉPOUSTOUFLANT. PROFOND | PORTRAIT D'UNE GÉNÉRATION SOUS PRESSION | MIA MCKENNA-BRUCE LARA PEAKE SAMUEL BOTTOMLEY SHAUN THOMAS ENVA LEWIS | HOW TO HAVE SEX | UNFILMDEMOLLYMANNINGWALKER | ANGEL,affiches_avec_texte/cannes/art_et_essai/565420.jpg
567935.jpg,venise,art_et_essai,venise,1.000,577 | LION D'ARGENT | VENISE 2020 | LES | AMANTS | SACRIFIÉS | UN FILM DE KIYOSHI KUROSAWA ÉCRIT PAR RYUSUKE HAMAGUCHI | EGON EG | MMME | ECNP | NCINNANENIMOOPN,affiches_avec_texte/venise/art_et_essai/567935.jpg
570211.jpg,cannes,art_et_essai,cannes,1.000,GRAND PRIX | 63° SEMAINE DE LA CRITIQUE | CANNES 2024 | SIMÓN | DE LA MONTAÑA | UN FILM DE FEDERICO LUIS | 8日 | n,affiches_avec_texte/cannes/art_et_essai/570211.jpg
570665.jpg,cannes,art_et_essai,cannes,1.000,"Ne négligez aucune anomalie | Si vous en voyez une, faites demi-tour | Si vous n'en voyez pas, continuez d’avancer | Prenez la sortie 8 | VIUULE | FESTIVAL DE CANNES | SÉLECTION OFFICIELLE 2025 | SÉANCE DE MINUIT | 番出口 | Exit 8 | un film de | Genki Kawamura | Kazunari Ninomiya | Avec | Yamato Kochi | Naru Asanuma | Kotone Hanase | Nana Komatsu | Eit  ETAat EAa eniea a  enar nae eniwa a  euta ataeAPSUl hah Aame Animon | A",affiches_avec_texte/cannes/art_et_essai/570665.jpg
571907.jpg,cannes,art_et_essai,cannes,0.999,JEAN BREHAT RACHID BOUCHAREB & KARIM BID PEEIT | VIK | FESTIVAL DE CANNES | SÉLECTION OFFICIELLE | CHOUF | UN FILM DE KARIM DRIDI | NVE SOFIAN KHAMMES FOUED NABBA ZINE DARAR OUSSAMA ABDUL AL FOZIWA,affiches_avec_texte/cannes/art_et_essai/571907.jpg
576378.jpg,cannes,art_et_essai,cannes,1.000,ET LES FILMS DU NOUVEAU MONDE P | ALIN PRODUCTIONS | LUBNA | NISRIN | AZABAL | ERRADI | SÉLECTION OFFICIELLE | UN CERTAIN REGARD | FESTIVAL DE CANNES | ADAM | UN FILM DE | MARYAM TOUZANI,affiches_avec_texte/cannes/art_et_essai/576378.jpg
576935.jpg,cannes,art_et_essai,cannes,0.993,DES CINEASTES | CANNES 2023 | « L'une des plus vibrantes révélations de cette Quinzaine des cinéastes. » | LÉGUA | Le Monde | un filmde | Filipa Reis et João Miller Guerra,affiches_avec_texte/cannes/art_et_essai/576935.jpg
577714.jpg,cannes,art_et_essai,cannes,1.000,UN PLAN DE CÉNIE POUR LA RETRAITE À 45 ANS! | LOS | ARCDNG RTTIN: MU | DANIEL ELÍAS | XYUE | ESTEBAN BIGLIARDI | MARGARITA MOLFINO | SÉLECTION OFFICIELLE | UN CERTAIN REGARD | UNFILMDE | RODRIGO MORENO | FESTIVAL DE CANNES | DELINCUENTES,affiches_avec_texte/cannes/art_et_essai/577714.jpg
579341.jpg,cannes,art_et_essai,cannes,1.000,FROM ANTOUN SEHNAOUI. PRODUCER OF THE ACADEMY AWARD® NOMINATED DRAMA. THE INSULT | ORIGINAL SCORE COMPOSED BY ACADEMY AWARD® WINNER. GABRIEL YARED | THIS IS THE SOUND | OF DEFIANCE | FESTIVAL DE CANNES | OFFICIAL SELECTION | 2020 | A FILM BYJIMMYKEYROUZ | COMING SOON,affiches_avec_texte/cannes/art_et_essai/579341.jpg
586288.jpg,cannes,art_et_essai,cannes,1.000,VIUUAE | FESTIVAL DE CANNES | SÉLECTION OFFICIELLE 2022 | COMPÉTITION | ANNABELLE | LENGRONNE | STÉPHANE | BAK | KENZO | SAMBIN | AHMED | SYLLA | UN | PETIT | FRÈRE | UN FILM DE | LÉONOR SERRAILLE,affiches_avec_texte/cannes/art_et_essai/586288.jpg
588659.jpg,cannes,art_et_essai,cannes,1.000,FESTIVAL DE CANNES | UN CERTAIN REGARD | PRIX DE LA MISE EN SCÊNE 2024 | LES | DAMNES | UN FILM DE ROBERTO MINERVINI,affiches_avec_texte/cannes/art_et_essai/588659.jpg
590795.jpg,pixar,animation,pixar,1.000,Par les créateurs de Cars et Les Indestructibles | DisNep·PIXAR | RATATOUILLE,affiches_avec_texte/pixar/animation/590795.jpg
592516.jpg,cannes,art_et_essai,cannes,0.995,LERIREET | FESTIVAL DE CANNES | UN CERTAIN REGARD | LE COUTÉAU | UN FILM DEPEDRO PINHO | culture,affiches_avec_texte/cannes/art_et_essai/592516.jpg
596931.jpg,berlin,art_et_essai,berlin,1.000,"Un geste magistral qui résistera à l'épreuve du temps | Une expérience hypnotique et poétique | CINEMA SCOPE | LE MONDE | Best Film | LES TRAVAUX | Encounters | 70 | Internationale | Filmfestspiele | Berlin | ET LES JOURS | (DE TAYOKOSHIOJIRI | DANSLE BASSIN | DE SHIOTANI) | capricci présente | UN FILM DE C.W. WINTER &ANDERS EDSTRÖM | capricc | SN AV E W W E ES  NIEE | AVEC TAYOKO SHOURL HIROHARU SHKATA, RYO KASE KAORU MAHANA MAI EDSTROM JUN TSUNODA E ANDERS EDSTROM CTRE, MONAGE,   SON CW. WINTER CONBELER | Groupement | des Cinémas",affiches_avec_texte/berlin/art_et_essai/596931.jpg
597457.jpg,cannes,horreur,cannes,1.000,"斥資2億台幣打造 | 亞洲巨星首次攜手合作 | 張震 | 江口洋介 | 林嘉欣 | 徐熙媛 | FESTIVALDE CANNES | OUT OF COMPÉTTTION | OFFICIALSELECTION | 2006坎城影展正式觀摩影片 | 提 | 科學驗證線索一解生死之謎 | OMC ENTERTAIMENT UNIT 9 PICTURESSLA CHAO-PIN SUCHEN CHANG VOSUKE EGUCH KARENA LAN BARSIE RSU PO-LIN CHEN CHUN-SING CHANG | MARTHIR WONG NOK TAI, KSCIPYOHEI TANEDAEAI-FAIHEUNGePETER LANMISING-CHOONG FOORMYP MENFOND SSTEPSEN TUNG NAI | IPAIL KATTE=NIC NICOLACU=SOONDFIRNWCHIN-VENHANG=JDOYHEANGU-FENGYEH=DAVID TANGMINGTUTCRAO-PIN SU | www.silkthemoive.com | 2006.9.29（五）晚場起一探究竟",affiches_avec_texte/cannes/horreur/597457.jpg
597643.jpg,cannes,art_et_essai,cannes,1.000,CAD.LIAMO CGATFILMS | VIL | FESTIVAL DE CANNES | COMPÉTITION | SÉLECTION OFFICIELLE 2022 | NADIA | SOFIANE | LOUIS | MICHA | TERESZKIEWICZ BENNACER GARREL LESCOT | CLARA | NOHAM | VASSILI | BRETHEAU | EDJE | SCHNEIDER | HENOCHSBERG | SARAH | DANINO | EVA | HENNEGUIER | LIV | CARRION-WEISS | BAPTISTE | CHARDARD | ALEXIA | GARREL | LENA | LES | LESAGE | OSCAR | LINDON | SUZANNE | AMANDIERS | UN FILM DE | VALERIA BRUNI TEDESCHI | ante,affiches_avec_texte/cannes/art_et_essai/597643.jpg
598306.jpg,cannes,art_et_essai,cannes,0.999,X | FESTIVAL DE CANNES | SELECTION OFFICIELLE 2020 | MIL E IN PRNDCTIONL CDARO AURA ANE CECRE BERHMEAU PNI | SLALOM | UN FILM DE CHARLENE FAVIER | NOEE ABITA JEREMIE RENIER | AVEC MARIE DENARNAUD MURIEL COMBEAU MAIRA SCHMIT ET AXEL AURIANT | 230 | CNC | SDI | WESTROTION,affiches_avec_texte/cannes/art_et_essai/598306.jpg
598424.jpg,venise,art_et_essai,venezia,1.000,"""UN POLAR QUI RAVIVE LE CINÉMA ROUMAIN | II | VARIETY | 578 | MOSTRAIMENHAZIONALE | LIECINEMATOGRAFICA | LOLTSNALEDIVENEZIA 2021 | SELECTION OFFICIELLE | REIMS | PLAR | 2 FESTIVAL DU FILM POLICIER | UN FILM DE | BOGDAN GEORGE APETRI | DÉDALES",affiches_avec_texte/venise/art_et_essai/598424.jpg
598833.jpg,cannes,art_et_essai,cannes,1.000,"VIUUIAK | GRAND PRIX | VOILE D'ARGENT | FESTIVAL DE LOCARNO | FESTIVAL DE CANNES | SECTION JEUNESSE | 1965 | 1965 | LAJEUNEFILLE | ÀL'ÉCHO | Un film de Arūnas Žebriūnas | MEC Lina BRAKNYTÉ, Valerjus ZUBAREVAS, | Bronius BABKAÜSKAS, Hugo LAURAS, Kalju KARMAS | AFCEE | L'adrc",affiches_avec_texte/cannes/art_et_essai/598833.jpg
599387.jpg,venise,art_et_essai,venise,1.000,WONG KAR WAI | PRÉSENTE | 25- Festival de Vesoul | Cyclo d'Or | Prix du meilleur scénario | Mostra de Venise | Coup de cocur de l'INALCt | Prix de la Critique | JINPA | de la section Horizons | UN CONTE TIBÉTAIN | UN FILM RÉALISÉ PAR PEMA TSEDEN | Pod                      N NA | SHANGHAI BLOSSOMS LAN PICTURES LTD SHANGHAI TANG DYNASTY COMUNICATIONS CO LTO QINGHAI MANI STON PICTURES COLTD. MASTER CHALIS LTO BELING) É | E TOE      TOE ICE       I     S MANGD | inalco | Husique I GION POINT Son TU DU-CHIN WU SHU-YO Coseer  age MLLIAM CHANG Hoteus JIN D CHAKDRA KYA Ecitetséolsé por PEMA TSEEDEN,affiches_avec_texte/venise/art_et_essai/599387.jpg
601602.jpg,cannes,art_et_essai,cannes,1.000,XVUNE | FESTIVALDE CANNES | SÉLECTION OFFICIELLE 2024 | NISRINERRADI | eveRYBODY | LOVES | TOUDA | UN FILM De | NABILAYOUCH | + | M,affiches_avec_texte/cannes/art_et_essai/601602.jpg
602550.jpg,venise,art_et_essai,venise,1.000,ENVIE DE TEMPÊTE PRODUCTIONS | PRÉSENTE | TANT QUE | SWANN ARLAUD | LESOLEILFRAPPE | UN FILM DE PHILIPPE PETIT | FESTIVAL DE VENISE 2022 | SETTIMANA | INTERNAZIONALE | DELLA CRITICA | SARAH ADLER GRÉGOIRE OESTERMANN PASCAL RÉNÉRIC DJIBRIL CISSÉ | PFEDEI EÉ PTI N LE N I EBATVALENTIN FÉ É USE | PORAMIDE | CNC | CINEAXE3 | VENTESINTERNATIDNALES PYRAMIDE INTERNATIONAL | CINEVENTURE | PROCIREP | ANGOA,affiches_avec_texte/venise/art_et_essai/602550.jpg
602811.jpg,venise,art_et_essai,venise,1.000,578 | FILMFESTIVAL | ARRAS. | 2021 | COMPÉTITION OFFICIELLE | FESTIVAL DE VENISE | PRIX DU PUBLIC | VARSOVIE 83 | UNE AFFAIRE D'ÉTAT | UN FILM DE | JAN P. MATUSZYÑSKI | MAN RE  FOLA   MALA A E A | PLIRCE NEZAN LARENT VERON MULAS NVOINY QNERPGE EM RRAH MALIORZATA E ACA SICAZ | _ | 三a | 川I | nemento,affiches_avec_texte/venise/art_et_essai/602811.jpg
605972.jpg,berlin,art_et_essai,berlin,1.000,Y71 | Festival | International | du Film de Berlin | Sélection officielle | MEMORY | BOX | UN FILM DE | JOANA HADJITHOMAS ET KHALIL JOREIGE | RIM TURKI | MANAL ISSA PALOMA VAUTHIER | CLEMENCE SABBAGH,affiches_avec_texte/berlin/art_et_essai/605972.jpg
606346.jpg,cannes,art_et_essai,cannes,1.000,ASC DISTRIBUTION PRÉSENTE UNE PRODUCTION | 39 | tiff. | DES CINÉASTES | CANNES | SITGES | Free Spirit Award | SÉLÉCTION OFFIELLE 2023 | 116 | ALICE | JODIE | 53 | Ridole | fire | AU CINÉMA LE | 17 | AVRIL | WESTON RAZOOLI | CUR | ANARIA | DE L'AFCAE | www.ascdistribution.com,affiches_avec_texte/cannes/art_et_essai/606346.jpg
606957.jpg,cannes,art_et_essai,cannes,1.000,CINE-SUD PROMOTION ET DULAC DISTRIBUTION | PRÉSENTENT | ÉPIQUE ET INTENSE | SLATE | XK | FESTIVAL DE CANNES | UN CERTAIN REGARD | PRIX DE LA CRITIQUE INTERNATIONALE | LES | COLONS | UN FILM DE | FELIPE GÁLVEZ | @aUR,affiches_avec_texte/cannes/art_et_essai/606957.jpg
607765.jpg,cannes,art_et_essai,cannes,1.000,"KGPFILMPROOUNTION. ZORBA,FLASH FORWARD ENTERTAINMENT,PANACHE PRODUCTIONS PRÉSENTENT | MONEYBOYS | UN FILM DE C.B. YI | KAIKO | CHLOE MAAYAN | YUFAN BAIJC LIN | RÉALISATION ET SCÉNARIO C.B. YI IMAGE JEAN-LOUIS VIALARD (A.F.C.) COSTUMES ZOE WANG DÉCORS HUEI-LI LIAO MONTAGE DIETER PICHLER | INGÉNIEUR SON YUN XIE-LOUSSIGNIAN MONTAGE SON HJALTI BAGER-JONATHANSSON KARIM WETH MIXAGE SON THOMAS GAUDER | MUSIQUE ORIGINALE YUN XIE-LOUSSIGNIAN PRODUCTION KGP FILMPRODUKTION ZORBA FLASH FORWARD ENTERTAINMENT PANACHE PRODUCTIONS | EN COPRODUCTION AVEC ARTE FRANCE CINEMA TAIPEIFILM COMMISSION LA CIE CINEMATOGRAPHIQUE VENTES INTERNATIONALES TOTEM FILMS DISTRIBUTION ARP SELECTION | K | SÉLECTION OFFICIELLE | UN CERTAIN REGARD | FESTIVAL DE CANNES | ZORBA | arte | ORF",affiches_avec_texte/cannes/art_et_essai/607765.jpg
608768.jpg,cannes,art_et_essai,cannes,1.000,"""SENSATIONNEL"" | VANITY FAIR | ""DRÔLE,BEAU""FLAMBOYANT"" | KONBINI | PREMIÈRE | ""PRODIGIEUX"" | ""SIDÉRANT"" | LE MONDE | LE FIGARO | ""UNE | VIUUNLE | FESTIVAL DE CANNES | PÉPITE"" | SÉLECTION OFFICIELLE 2021 | COMPÉTITION | PRIX DE LA CRITIQUE | PRIX DU JURY | FESTIVAL DE | LES INROCKS | DEAUVILLE | 2021 | “UN | ""FRAIS | RYTHME | ET POP"" | INOUI"" | PARIS MATCH | LEFIGARO | Simon Rex | Red Rocket | unfilmde Sean Baker | IMN E SNRE BEAASONSEANBERRESTHONSEANAERWS | SONON BNWG ENASER ESHED MANASAER AE SANTN AES SHHNGSU | [FILNATION | SEAN BAKERCHRIS BERGOCH SEAN BAKER | Lo pacte",affiches_avec_texte/cannes/art_et_essai/608768.jpg
610135.jpg,pixar,animation,pixar,0.914,DisNey·PIXAR | Cars,affiches_avec_texte/pixar/animation/610135.jpg
611187.jpg,cannes,art_et_essai,cannes,1.000,"XK | FESTIVAL DE CANNES | SÉLECTION OFFICIELLE 2021 | UN CERTAIN REGARD | Les | poings, | desserrés | Kira Kovalenko | Un film de | AEADRERONNGA. SSEIE | ""LES POINGS DESSERRÉS",affiches_avec_texte/cannes/art_et_essai/611187.jpg
617437.jpg,cannes,art_et_essai,cannes,1.000,"LES FILMS DU BAL,KOMPLIZEN FILM PIE FILMS RESONTINT | AVSHALOM POLLAK NUR FIBAK | LEGENOU | D'AHED | UN FILM DE NADAV LAPID | KIL | PRIX DU JURY | FESTIVAL DE CANNES | SÉLECTION OFFICIELLE 2021 | inter",affiches_avec_texte/cannes/art_et_essai/617437.jpg
618172.jpg,cannes,art_et_essai,cannes,1.000,"FRANCOPHONE D'ANGOULEME | FESTIVAL DU FILM | SEMAINE | DE LA CRITIQUE | DU FILM DE THESSALONIQUE | FESTIVAL INTERNATIONAL | PRIX DES ÉTUDIANTS | CANNES 2021 | PRIX DU MEILLEUR FILM | PRODIGIEUX, ÉMOUVANT, REBELLE | PARIS MATCH | petite | ñature | UN FILM DE | SAMUEL THEIS | ALIOCHA | ANTOINE | IZÍA | MÉLISSA | REINERT | REINARTZ | HIGELIN | OLEXA | AVEC JADE SCHWARTZ ILARIO GALLO ABDEL BENCHENDIKH ROMANEESCH MERESIA LITZENBURGER DANIELLE DALHEM MAÍA QUESMAND CLAIRE BURGER | ++M | fronce-t",affiches_avec_texte/cannes/art_et_essai/618172.jpg
619900.jpg,cannes,art_et_essai,cannes,1.000,OREZANÉ FILMSIACAJOU PRODUCTIONS | DES RÊALISATEURS | CANNES 2021 | LA COLLINE OÙ RUGISSENT LES | LIONNES | UN FILM DE LUÀNA BAJRAMI | FLAKA LATIFI URATË SHABANI ERA BALAJ ANDI BAJGORA | ACAIOU | LOCO | Le Pacte,affiches_avec_texte/cannes/art_et_essai/619900.jpg
620438.jpg,cannes,art_et_essai,cannes,1.000,LES FILMS DU NOUVEAU MONDE ET ALIN' PRODUCTIONS | YWIUE | FESTIVAL DE CANNES | COMPÉTITION | HAUT | SÉLECTION OFFICIELLE 2021 | FORT | 印T | UN FILM DE | NABIL AYOUCH | IWOKEUP | ANAS | BASBOUSI | ISMAIL ADOUAB | NOUHAILA ARIF | ZINEB BOUJEMAA MERIEM NAKKACH ABDELILAH BASBOUSI | MU | LERCUE++ | CAS | 自 | ZAZA | A3 VITAN,affiches_avec_texte/cannes/art_et_essai/620438.jpg
621429.jpg,venise,art_et_essai,venezia,1.000,GAUMONT | GUILLAUME | ALBA | CANET | ROHRWACHER | Hors-Saison | un fil de STÉPHANE BRIZÉ | 580 | MOSTRA INTERNAZIONALE | D'ARTE CINEMATOGRAFICA | LA BIENNALE DI VENEZIA 2023 | Sélection Officielle | musique originale | VINCENT DELERM | STÉPANE BÉ& MRE DRUCXER | mal | m,affiches_avec_texte/venise/art_et_essai/621429.jpg
621682.jpg,venise,art_et_essai,venise,1.000,NESIN GHRENASIA RERE | PABLO PAULY | ROMAIN ECK | HAFSIA HERZI | FESTIVAL DE VENISE 2022 | sic | settimana | internazionale | della critica | TROIS NUITS | PAR SEMAINE | UN FILM DE | FLORENT GOUËLOU | 10420,affiches_avec_texte/venise/art_et_essai/621682.jpg
623676.jpg,cannes,art_et_essai,cannes,1.000,"Katerine Savard | YWAK | Ariane Mainville | FESTIVAL DECANNES | OFFICIALSELECTION | 2020 | NADIA, BUTTERFLY | A film by Pascal Plante | WaZa F  Nemesis Films   d Pasal Flante  Dominique Duult | Martóne Morin d gn Olivier Calvert  Stéphane Bergeron  Amélie Labeéche | Qutbec# | Camaddifures | 白 | HAisoNWaZgb",affiches_avec_texte/cannes/art_et_essai/623676.jpg
624344.jpg,venise,art_et_essai,venice,1.000,Intemational Film | 35.Venice | CINEUROPA | PRIX | Critics'Week | LES ARCS | JACOBHAUBERG | SIMON | TAREK | LOHMANN | SEARS | ZAYAT | SHORTA | ON    H N ESNET  E | N ERE DIS HO AESALHON SHCHA A HAEG OHN SMON SAS TE A AE  SGLAK | STTADR ENERSREGRSENMOENCREEOE  ACEOF EGNN | G WSE SN   W,affiches_avec_texte/venise/art_et_essai/624344.jpg
626806.jpg,cannes,art_et_essai,cannes,1.000,DES RÉALISATEURS | CANNES 2016 | BÉRÉNICE BEJO | CÉDRIC KAHN | L'ECONOMIE | DU COUPLE | UN FILM DE | JOACHIM LAFOSSE | MARTHE KELLER MARGAUX SOENTJENS JADE SOENTJENS | SCÉNAI E DIALOGUES DMAZARINE PINGEOTEFANNY BURDINO & JOACHIM LAFOSSEAVEC A COLLABORATION DE THOMAS VAN ZUYLEN | 000 | 14204 | EZZE | arte | Le Pacte,affiches_avec_texte/cannes/art_et_essai/626806.jpg
628216.jpg,cannes,art_et_essai,cannes,1.000,MICHÈLE  LAURENT PÉTIN | PRESENTENT | VIAE | FESTIVAL DE CANNES | SÉLECTION OFFICIELLE 2025 | COMPÉTITION | V | GUILLAUME | ZOEY | AUBRY | UN FILM DE | MARBECK | DEUTCH | DULLIN | RICHARD LINKLATER | ARP  GUILLAUME MARBECK ZOEY DEUTCH ALBRY DLLIN | ague | «NOUVELLE VAGUERICHARD LINLATER HOLLY GENTINCE PALMO | MICHÉLE HALBERSTADT LAETA MASSON  HBERT ENGAMMARE | DAVD CHAMBILLEATAYSZKOPPASCALNECHAVANNEJEAN MNONDO | CAIHERNESCHWARTZROBIN WELCHEMMANLEL MONTAMATJOHN SLOSS | MICHÉLELAURENT PEIINARRICHARD LNLATER | DETOLR FLMPRODUCON CANALE+HANEL | E CENTRE NATIONAL DU CINÉMA EI DE LIMAGE ANIMEE | [ CANAL+  CHANEL,affiches_avec_texte/cannes/art_et_essai/628216.jpg
631302.jpg,cannes,art_et_essai,cannes,1.000,Why Not Productions  Les Films de Batna priusteut | Fanny Ardant Louis Garrel Dylan Robert Marine Vacth | Caroline Chaniolleau Alain Françon Florent Lacger | Henri-Noël Tabary Omar Marwan et Maïwenn | FESTIVAL DE CANNES | SÉLECTION OFFICIELLE | 2020 | ADN | Un film de Maïwenn | SONAD MANEN MAHEU DENY OGE AUIFE GADETE MGO NGAESEPHENMABECK MAE SILVESTRE OEDGE BENAMN GHO | SA | CHUGE WESHNED E RNIN SM WALA GO E GUHREE OETON E | E  N E N O | LAT MIT | arte | CANAL+ | [1N +] | NERANE IGRRN WE LENTE OGWENMABWEDRIN NRNOIN | wildbunch | Le Pacte,affiches_avec_texte/cannes/art_et_essai/631302.jpg
632195.jpg,cannes,art_et_essai,cannes,1.000,SÉLECTION OFFICIELLE | UN CERTAIN REGARD | FESTIVAL DE CANNES | RICARDO DARÍN | EL PRESIDENTE | (LA CORDILLERA) | UN FILM DE | SANTIAGO MITRE | LES FNÉV N EGE  LED CT GEA L   T | ILMS IA UNON ELOS BIBS MAEO FEMS MOO | AAMBICAMLI UIACAELUSHEA2O | memento | oarte | 0 [420,affiches_avec_texte/cannes/art_et_essai/632195.jpg
637422.jpg,cannes,art_et_essai,cannes,1.000,风流代 | lesfeux | FESTIVAL DE CANNES | sauvages | un film de | JiaZhang-ke | ZHAO TAO | LIZHUBIN | SREG | adJ | 国 | min | 田 | HOuby | AETIN,affiches_avec_texte/cannes/art_et_essai/637422.jpg
637555.jpg,venise,art_et_essai,venezia,1.000,"GANADORA | ""UNA BRUTAL DISTOPÍA | FÁBULA MAGISTRALY CERTERA | ""EL PARÁSITOS DE ESTE AÑO, UNA | tiff | GRAN PREMIO DEL JURADO | SSIFF | SU OSADÍA Y VIGOR NARRATIVO | SON INNEGABLES"" | Aler Vicante - EL PAIS | SOBRE LA DESIGUALDAD"" | Luls Martinez - EL MUNDO | NU3VORDEN | MOSTRA INTERNAZIONALE | LA BIENNALE DI VENEZIA 2020 | D'ARTE CINEMATOGRAFICA | ""UNA DE LAS MEJORES PELÍCULAS | DEL AÑO Y SIN DUDA LA MÁS NECESARIA"" | EL EQUILIBRIO ES FRÁGIL | UNA PELICULA DE MICHEL FRANCO | NAIAN GONZÁLEZ NORVIND DIÉGO BONETA MÓNICA DEL CARMEN | EV RDENNAAN GONZALEZ NRVND DGO BONEA MÓNCADELAMEN | AEROJAA MFRAN AMEASTEL | GO BONETA CECLIAFRANC CHARLES ARTHECHALOTTE BUMICHEL F | (4214",affiches_avec_texte/venise/art_et_essai/637555.jpg
638292.jpg,cannes,art_et_essai,cannes,1.000,FEVRIER | Un film de | Kamen Kalev | K | SULEARIAN NATIONAL FILM CERTER | LA BÉGION ILE-DE-FRANCE | EURIMAGES | FESTIVAL DE CANNES | OFO DISTRIBUTION | LE CNC. | SÉLECTION OFFICIELLE | 2020 | CINECAP 3. | MEMENTO FILMS INTERNATIONAL | LACHEZAR DIMITROV | KOLYO DOBBEV | IVAN NALEANTOV | CHRISTO OIMITROV-RINEO | NENCHO KOSTOV | ALEXIA GEDRGIEVA | MILKD LAZAROV | IVAN CHERTOY | IVELINA MINEVA | PIERRE-TVES LAVOUL | SOFIA ZHECHEVA | PETAR BUNDAKDV | FILIP ANBREEY | YOANA ILIEVA | FILIF TOBONON | EAMEN KALEV | FDIANE JASSEN | KAMEN EALEY | CINECAP,affiches_avec_texte/cannes/art_et_essai/638292.jpg
638354.jpg,cannes,animation,cannes,1.000,WILD BUNCHSTUDIO GHIBLI | WHYNOTPRODUCTIONS | K | SÉLECTION OFFICIELLE | UN CERTAIN REGARD | FESTIVAL DE CANNES | LA | TORTUE | ROUGE | UN FILM DE | MICHAEL DUDOK DE WIT | MICHAEL DUDOK DE WIT | JEAN-CHRISTOPHE LIE | B-,affiches_avec_texte/cannes/animation/638354.jpg
638828.jpg,cannes,art_et_essai,cannes,1.000,CG Cinéma et Partners in Crime | présentent | TALLULAH CASSAVETTI | DANS UN FILM DE ANNA CAZENAVE CAMBET | DE L'OR | 59 SEMAINE | DE LA CRITIQUE | CANNES 2020 | POUR LES | CHIENS,affiches_avec_texte/cannes/art_et_essai/638828.jpg
641448.jpg,cannes,art_et_essai,cannes,1.000,"LES FILMS DU WORSO, SRAB FILMS ET EVIDENCIA FILMS PRESENTENT | CAROLINA SANÍN LETICIA GÓMEZ | ANTONIO MARTÍNEZ ALEJANDRA SARRIA VLADIMIR DURÁN | SEMAINE | DE LACRITIQUE | CANNES 2019 | FILM D'OUVERTURE | UNE MÈRE | INCROYABLE | UN FILM DE FRANCO LOLLI | M FRANCS LOLLI MAREAMACHOUELI VIRGNE LESEAY MG (US AIMANO ARTAGA SN MATHIEU PEROT JESEFINA ROBRIGUEZ | JOCEYN RORERT SAMUEL ACHOUN MNIG NICDAS DESMASON JULE OUCAUK oH ICIRIG MARCEIA GOMEZ MONTONA | DUINSANACE PORAS CE OFKAADI CIRS | MONDE CNC INSTITUT FRANCAIS TORINO RLM LAB ENE NEING DANE ONOLDGY OININ AO VIMTAM | wiso m | 420 | art | AD VITAM",affiches_avec_texte/cannes/art_et_essai/641448.jpg
650818.jpg,cannes,art_et_essai,cannes,1.000,XKK | FESTIVALDECANNES | Chroniques de Tcherann | Un film de | Ali Asgari et Alireza Khatami | UO | HINGBOORE SGIPWSKUES MAIS HIE NEKS BEIN | FILMS | sefen | m,affiches_avec_texte/cannes/art_et_essai/650818.jpg
651186.jpg,dreamworks,animation,dreamworks,1.000,LE PHÉNOMÈNE | DÉBARQUE | AU CINÉMA | DREAMWORKS | GABBY ET | LA MAISON MAGIQUE | uFILM | Cmmrmm | PROCHAINEMENT | SEULEMENT AU CINÉMA,affiches_avec_texte/dreamworks/animation/651186.jpg
651818.jpg,cannes,art_et_essai,cannes,1.000,IES CMPAGNONS ON CNEMA IA LAS MERICANE  STOMIOAN PNEUAINT | XK | SÉLECTION OFFICIELLE | COMPÉTITION | FESTIVAL DE CANNES | LOUIS GARREL | STACY MARTIN | LEREDOUTABLE | UNE COMÉDIE DE MICHEL HAZANAVICIUS | BÉRÉNICE BEJO | MICHA LESCOT GREGORY GADEBOIS | LESOMG OE ASEAA S GE SA N EREUL  CE OU AN O MOAED GEGORY GEBOS FOS A  E | SNA N   SN AENE | STUDIOCANAL,affiches_avec_texte/cannes/art_et_essai/651818.jpg
652522.jpg,dreamworks,animation,dreamworks,1.000,"THE ALL-STAR | RETURNS | DREAMWORKS | IN THEATERS | JULY1,2026",affiches_avec_texte/dreamworks/animation/652522.jpg
653971.jpg,cannes,art_et_essai,cannes,1.000,"SaNoSi Productions, Ayizan Production, Merveilles Production | présentent | FESTIVAL DE CANNES | UN CERTAIN REGARD | SÉLECTION OFFICIELLE 2021 | FREDA | Un film de Gessica Généus | NÉHÉMIE BASTIEN | DJANAÍNA FRANÇOIS FABIOLA RÉMY GAÊLLE BIEN-AIMÉ JEAN JEAN ROLAPHTON MERCURE CANTAVE KERVEN | Un film écrit et réalisé par GESSICA GÉNÉUS Image KARINE AULNETTE Son THOMAS VAN POTTELBERGE | Montage RODOLPHE MOLLA Mixage JOÊL RANGON Étalonnage AMINE BERRADA et LAURENT NAVARRI | Produit par JEAN-MARIE GIGON GESSICA GÉNÉUS FAISSOL GNONLONFIN | SaNoSi | Wous | CNC | 6 | ciclic | bosrance | TVSMONDE | NOUR",affiches_avec_texte/cannes/art_et_essai/653971.jpg
656860.jpg,cannes,art_et_essai,cannes,0.999,FESTIVAL DE CANNES | SÉANCE SPÉCIALE | SOPHIE RÉVILDENIS CAROT | DITES-LUI | QUE JE L'AIME | UN FILM DE | ROMANE BOHRINGER | ROMANE BOHRINGER | CLÉMENTINE AUTAIN | EVA YELMANI | JOSIANE STOLÉRU | LILIANE SANREY-BAUD | RAOUL REBBOT-BOHRINGER,affiches_avec_texte/cannes/art_et_essai/656860.jpg
658829.jpg,cannes,art_et_essai,cannes,1.000,"“THE FUTURE OF BLACK FILM. PURE CINEMATIC POWER."" | URDAIN SEARLES, THE HOLLYWOOD REPORTER | tiff | sundance | Film Festival | New York | CANNES 2021 | ERUIRTI | EALG | GORIT | PR | XXX *HE UIRTU | UIRT | ONSHIR | ""ECHNO_OO, | AXX PMALLG | NOT XXXONER | A MUSICAL DIRECTED BY | SAUL WILLIAMS AND ANISIA UZEYMAN | NEPTUNEFROST",affiches_avec_texte/cannes/art_et_essai/658829.jpg
660333.jpg,cannes,art_et_essai,cannes,1.000,"JHR Films, Terratreme Filmes, House on Fire et Filmes Fantasma | présentent | DES RÊALISATEURS | CANNES 2022 | FEU FOLLET | (FOGO-FÁTUO) | une fantaisie musicale de JOÃO PEDRO RODRIGUES | ROS | TERRATREME FILMES, HOUSE ON FIRE ET FILMES FANTASMA PRÉSENTENT FOGO FÁTUO / FEU FOLLET UN RUM DE JOÃO PEDRO ROORIGUES | AV MAURO COSTA ANDRÉ CABRAL, MARGARIDA MILA-NOVA MIGUEL LOUREIRO, JOEL BRANCO, TERESA MADRUGA, ANA BUSTORFF, ANABELA MOREIRA, RAOUEL ROCHA VIEIRA CLAUDIA JARDIM, | CREDIT PHOTO :MIGUEL DE | JOANA BARRIOS, JOÃO VILLAS-BOAS JOÃO REIS MOREIRA JOÃO CAÇADOR JOÃO MOTA VELAPAITON CPOLE PAULO BRAGANÇA ET OCEANO CRUZ S JOÃO PEDRO RODRIGUES, | JOÃO RUI GUERRA DA MATA PAULO LOPES GRAÇA IMAGE RLI POÇAS aÍp SONMXME NUNO CARVALHO DRECTO ARTSTOUE JOÃO RUI GUERRA DA MATA | MONTAGE ARIANA GAVÃO COSTIMES PATRIA ORIA MUSIU PAULO BRAGANÇA, OEL BRANCD, MOZART, ERMO, AMÁLIA RORIGUESS | PRUTION TERRATREME FILMES (PORTUGAL), HOUSE ON FIRE (FRANCE) ET FILMES FANTASMA (PORTUGAL) AVEC LE SUTEN DE INSTITUTO DO CINEMA E DO AUDIOVISUAL, ARTE FRANCE | DISTUION JHR FILMS VENTES INTEATINALES FILMS BOUTIQUE POUCTU ÉLEGU JOÃO GUSMÃO PROUCTEURS FRED BELLAICHE PROUCTEURS JOÃO MATOS VINCENT WANG, JOÃO PEDRO RODRIGUES | REAUSE PAA JOÃO PEDRO RODRIGUES | TERRATREME | HOUSE ON FiRE | FILMES FANTASMA | RTP2 | arte | jhr | FILMS Boutique",affiches_avec_texte/cannes/art_et_essai/660333.jpg
660596.jpg,berlin,art_et_essai,berlin,1.000,70 | Internationale | Filmfestspiele | Encounters | Berlin | un film de CRISTI PUIU | MALMKROG | adapté des Trois Conversations de VLADIMIR SOLOVYOV,affiches_avec_texte/berlin/art_et_essai/660596.jpg
661862.jpg,cannes,art_et_essai,cannes,1.000,"VISION DISTRIBUTION, WILDSIDE, RUFUS, MENUETTO, PYRAMIDE PRODUCTIONS | VIUE | PRIX DU JURY | FESTIVAL DE CANNES 2022 | LUCA MARINELLI | ALESSANDRO BORGHI | LES HUIT | MONTAGNES | UN FILM DE | FELIX VAN GROENINGEN ET CHARLOTTE VANDERMEERSCH | ADAPTÉ DU ROMAN «LES HUIT MONTAGNES» DE PAOLO COGNETTI AUX ÉDITIONS STOCK | wa-",affiches_avec_texte/cannes/art_et_essai/661862.jpg
663463.jpg,cannes,art_et_essai,cannes,1.000,"CAPRICCIPRÉSENTE | DES CINÉASTES | CANNES | BLACKBIRD, | BLACKBERRY | UN FILM DE ELENENAVERIANI | AMIC EKA CHAVLEISHVILI, TEIMURAZ CHICHINADZE SCÉNARIO ELENE NAVERIANI, NIKOLOZ MDIVANI, | PHILIPPE CIOMPI MONTAGE AURORA FRANCO VÖGELI PROOUCTEUR THOMAS REICHLIN, KETIE DANELIA, BRITTA RINDELAUB | D'APRES LE UVRE MERLE, MERLE, MÚRE DE TAMTA MELASHVILI IMAGE AGNESH PAKOZDI SON MARC VON STÜRLER, | PRODUCTION ALVA FILM, TAKES FILM VEINTES INTERNATIONALES TOTEM FILMS DISTRIBUTION CAPRICCI | fe Monde TéléramaJeXF O CNEERS | capricci",affiches_avec_texte/cannes/art_et_essai/663463.jpg
666091.jpg,berlin,art_et_essai,berlin,1.000,SILKRDAD PRODUCTIONS-TAATFILMS-NOVOPROD-PREMIUMFILMS-BODEGAFILMS | 72 | Internationale | Filmfestspiele | Berlin | Panorama | SADAF | GHAZAL | ASGARI | SHOJAEI | JUSTE | UNENUIT | UNFILMDE | ALIASGARI | @remium | MPM | NOVOPROD | Bodeja,affiches_avec_texte/berlin/art_et_essai/666091.jpg
672130.jpg,dreamworks,animation,dreamworks,1.000,ILS EN FONT DES | MÉGA-TONNES ! | DREAMWORKS | MEGAMIND,affiches_avec_texte/dreamworks/animation/672130.jpg
672675.jpg,cannes,art_et_essai,cannes,1.000,ANNEE ZÉRO IT LES FILMS PELLEAS | ANAIS | VALERIA | DENIS | DEMOUSTIER | BRUNI TEDESCHI | PODALYDÈS | SOCIÉTAIRE DE LA COMÉDIE-FRANÇAISE | LES | 60° SEMAINE | DE LA CRITIQUE | CANNES 2021 | AMOURS | D'ANAIS | un film de | CHARLINE BOURGEOIS-TACQUET,affiches_avec_texte/cannes/art_et_essai/672675.jpg
673172.jpg,cannes,art_et_essai,cannes,0.999,FILMS PRESENTE | NOÉMIEMERLANT | ADÈLE HAENEL | FESTIVAL DE CANNES | PRIX DU SCÉNARIO | yerlrait | dela | fille | feuve | fer | en | UN FILMDE CÉLINE SCIAMMA | AFCaE | Que | EHANMCNAENEANCNLNNPMEMI | inter | lilies | HOLD | arteiledeFrance | CANAL+ | CINE+ | CINECAP2 | mk2,affiches_avec_texte/cannes/art_et_essai/673172.jpg
676051.jpg,venise,art_et_essai,venezia,1.000,"531 | LA DIEHNALE DI VENEZIA 2024 | PRIX DU PUBLIC, ORIZZONTI | Festival Internatio | émas d'Asie de Ve | Prix du public | LAFEMME | QUIENSAVAIT | TROP | UN FILM DE NADER SAEIVAR | ÉCRIT PAR JAFAR PANAHI | AU CINÉMA LE 27 AOÛT | O | jour2fo",affiches_avec_texte/venise/art_et_essai/676051.jpg
676680.jpg,cannes,art_et_essai,cannes,1.000,Une volaille hilarante La comédie grecque qui réveille! Un humour décapant | LIBÉRATION | LE FIGARO | 20 MINUTES | K | FESTIVAL DE CANNES | SÉLECTION OFFICIELLE 2022 | DYDO | UNFILMDEPANOSH.KOUTRAS | progimus,affiches_avec_texte/cannes/art_et_essai/676680.jpg
676710.jpg,cannes,art_et_essai,cannes,1.000,EASY TIGERSRAB FILMS | présentent | PRIX SACD 2021 | 0* | RIENANN1 | DES RÊALISATEURS | CANNES 2021 | LES | MAGNÉTIQUES | UN FILM DE | VINCENT MAËL CARDONA | THIMOTÉE ROBART MARIE COLOMB JOSEPH OLIVENNES | VINCENT MAEL CARDONA CHLOÉ LAROUCHI MAÉL LE GARREC ROSE PHILIPPON | CATHERINE PAILLÉ ROMAIN COMPINGT ADAPTATION DIALOGUES ROMAIN COMPINGT | inter,affiches_avec_texte/cannes/art_et_essai/676710.jpg
677723.jpg,cannes,art_et_essai,cannes,1.000,PRIX D'INTERPRÉTATION | MASCULINE | FESTIVAL DE CANNES | MARCELLOFONTE | DOGMAN | UN FILM DE MATTEO GARRONE | inter,affiches_avec_texte/cannes/art_et_essai/677723.jpg
681636.jpg,berlin,art_et_essai,berlin,1.000,20000 | ESPÈCES | D'ABEILLES | UN FILM DE ESTIBALIZ URRESOLA SOLAGUREN | AU CINÉMA LE 14 FÉVRIER | Ours d'Argent | 73 | de Berlin | mational du film | Meilleure Interprétation,affiches_avec_texte/berlin/art_et_essai/681636.jpg
681652.jpg,berlin,art_et_essai,berlin,1.000,FOZ POGSIENTE | DENIS | PETER | ISABELLE | MENOCHET | ADJANI | KHALIL | VON KANT | HANNA | GHARBIA | SCHYGULLA | STEFAN | AMINTHE | CREPON | FraELMESOZON | UN FILM DE | AUDIARD | 72 | Competition | Filmfestspiele | Berlin | Internationale | RAINER WERNER FASSBINDER | LIBREMENT ADAPTÉ DE «LES LARMESAMÈRES DE PETRAVONKANT DE | SWIO &EAUIION FRANÇOIS OZON MGE MANU DACOSSE SON BRIGITTE TALLANDIER JULEN ROIG JEAN-PAUL HURIER MONI LAURE GARDETTE  KATIAWYSZKOP | DHECTICE DE OUCTON AUDE CATHELIN CTION FOZ IN OUCION E FRANCE CINEMA PLAYTME SCOPE PICTURES NEC LA | LABANUEPOSTALEMGE14PALATEETOLE1BCNEAXE3CMGENCENTRENTINLDUCINEMAETDELMAGEANMEE | OOSTUMES PASCALINE CHAVANNE CASTNG DAVID BERTRAND | FOZ | -2cinémo | PLAYTIME | SCOPE | CN | fronce-tr | 04204 | CINEAXE | Cneiiogé | OFORE | diaphana,affiches_avec_texte/berlin/art_et_essai/681652.jpg
685126.jpg,cannes,art_et_essai,cannes,0.999,THE SEVENTH ART ICURES MEME | XIKK | FESTIVAL DE CANNES | PRIXUN CERTAINREGARD | BLACKDOG | UN FILM DE GUAN HU | 狗阵 | ECEDIEENGTONG LI JIAZHANGEZHANGYIHUYOUICELIANG JIN TEZHUWENIUTESUSTINE WANGONGU EAGUANUAGANHUGE | HEYONGYVEEAESPAYTIMESTMEMENTODISTRIBUTIONONA,affiches_avec_texte/cannes/art_et_essai/685126.jpg
686810.jpg,cannes,art_et_essai,cannes,1.000,JBREHAT BOUCHAREB  MMERLIN | Fabrice | XE | LUCHINI | COMPÉTITION | SÉLECTION OFFICIELLE | Juliette | FESTIVAL DE CANNES | BINOCHE | Valeria | BRUNITEDESCHI | Ma | Loute | un film de Bruno DUMONT | er f merro | INCENT Bd LAVEVE RA Di ESPE CGAU L DUE Ty LAVEVLLE LHEER M ROVERE ClCABONNIER | memento | inter,affiches_avec_texte/cannes/art_et_essai/686810.jpg
687638.jpg,cannes,art_et_essai,cannes,1.000,"GRAND PRIX AMI PARIS | 64°SEMAINE DE LA CRITIQUE | CANNES 2025 | FANTOME | un flm de RATCHAPOOM BOONBUNCHACHOKE | UTILE | ""UNE VRAIE DRÔLERIE."" | CAHIERS DU CINÉMA | ""DÉLICIEUSEMENT ABSURDE."" | THE HOLLYWOOD REPORTER | ""CAPTIVANT."" | TROISCOULEURS | ""FOLLEMENT SUBVERSIF."" | ROLLING STONE | ""UN REGARD MORDANT | SUR LA CRISE SOCIALE | ACTUELLE."" | VARIETY | M MOMO MAYANA | THACCAPIN | jhr | ala | Télérama’",affiches_avec_texte/cannes/art_et_essai/687638.jpg
687923.jpg,cannes,art_et_essai,cannes,1.000,"UGC H ORANGE STUDIO PREHNTENT | DIEHL | AUGUST | PACHNER | VALERIE | SCHOENAERTS | MATTHIAS | GANZ SIMON | BRUNO | MARIA | “NOTRE PALME D'OR"" | LE FIGARO | SÉLECTION OFFICIELLE | FESTIVAL DE CANNES | UNE | VIE CACHÉE | D'APRÈS UNE HISTOIRE VRAIE | ÉCRIT ET RÉALISÉ PAR | TERRENCE MALICK",affiches_avec_texte/cannes/art_et_essai/687923.jpg
687997.jpg,cannes,art_et_essai,cannes,1.000,EPICENTRE FILMS PRESONT | FESTIVAL DE CANNES | UN CERTAIN REGARD | SÉLECTION OFFICIELLE 2022 | DOMINGO | ET LA BRUME | UN FILM DE | ARIEL ESCALANTE MEZA,affiches_avec_texte/cannes/art_et_essai/687997.jpg
690607.jpg,cannes,art_et_essai,cannes,1.000,FILMS GRAND HUIT | Un implacable thriller d’espionnage. | PRÉSENTE | LE NOUVEL OBS | HALTER | ROBERrSA | gimntiar | LES | ADAM | BESSA | DE LA CRITIQUE | 63°SEMAINE | FANTÔMES | CANNES 2024 | FILM-D'OUVERTURE | UN FILM DE | JONATHAN MILLET | TAWFEEK BARHOM JULIA FRANZ RICHTER HALA RAJAB | inter | 8二 | memento,affiches_avec_texte/cannes/art_et_essai/690607.jpg
692592.jpg,cannes,art_et_essai,cannes,1.000,LA PALME DU PUBLIC | ET DE LA PRESSE! | PETER SIMONISCHEK | SANDRA HÜLLER | SÉLECTION OFFICIELLE | COMPÉTITION | FESTIVAL DE CANNES | TONI | ERDMANN | UN FILM DE MAREN ADE | ace | inter | m,affiches_avec_texte/cannes/art_et_essai/692592.jpg
693047.jpg,dreamworks,animation,dreamworks,0.999,SHReK E DRAGONS | PAR LES CRÉATEURS DE | Ruby | DREAMWORKS | L'ADO | KRAKEN | LE 28 JUIN AU CINÉMA,affiches_avec_texte/dreamworks/animation/693047.jpg
693943.jpg,cannes,art_et_essai,cannes,1.000,FESTIVAL DE CANNES | WOMEN | DOICRY | UN FILM DE | MINA MILEVA ET VESELA KAZAKOVA | AVEC MARIA BAKALOVA (BORAT 2) | PROCHAINEMENT AU CINÉMA | m2 | 101 | arte | eurimagee | mlacion | EUROZOOM | FILNS,affiches_avec_texte/cannes/art_et_essai/693943.jpg
696707.jpg,cannes,art_et_essai,cannes,1.000,RAPHAEL | JULIETTE | LOUIS | NOÉMIE | THIÉRY | JOUAN | GARREL | LVOVSKY | DES RÉALISATEURS | CANNES 2022 | L'ENVOL | UN FILM DE | PIETROMARCELLO | AVECLA PARTICIPATION DE YOLANDE MOREAU,affiches_avec_texte/cannes/art_et_essai/696707.jpg
697091.jpg,cannes,art_et_essai,cannes,1.000,GRACE | SSIFF | DESCINEASTES | CANNES2023 | UN FILM DE ILYA POVOLOTSKY,affiches_avec_texte/cannes/art_et_essai/697091.jpg
699121.jpg,cannes,art_et_essai,cannes,1.000,KARIMLEKLOU | VIMALA PONS | 62*SEMAINE | VINCENT | UN FILM DE STÉPHAN CASTANG | DE LA CRITIQUE | CANNES 2023 | MOURIR | SCÉNARIO DEMATHIEU NAERT | ADAPTATINETDALOGUES MATHIEU NAERT DOMINIQUE BAUMARDSTÉPHAN CASTANG,affiches_avec_texte/cannes/art_et_essai/699121.jpg
700350.jpg,cannes,art_et_essai,cannes,1.000,EUROZOOM | DES RÉALISATEURS | CANNES 2021 | employé | /patron | UN FILM DE MANUEL NIETO ZAS | AVEC NAHUEL PÉREZ BISCAYART ET CRISTIAN BORGES | ABN 4792 | AU CINÉMA LE 30 MARS,affiches_avec_texte/cannes/art_et_essai/700350.jpg
700588.jpg,dreamworks,animation,dreamworks,1.000,DREAMWORKS | JOYEUX NOËL | SHREK!,affiches_avec_texte/dreamworks/animation/700588.jpg
703080.jpg,cannes,animation,cannes,1.000,"MIRAï, MA PETITE SCEUR | APRÈS | ET LES ENFANTS LOUPS, AME & YUKI | STUDIO CHIZU | VIUUALK | FESTIVAL DE CANNES | CANNES PREMIÉRE | BELLE | UN FILM DE | MAMORUHOSODA | inter",affiches_avec_texte/cannes/animation/703080.jpg
703207.jpg,cannes,art_et_essai,cannes,1.000,DESERT | OF | NAMIBIA | DES CINÉASTES | CANNES 2024,affiches_avec_texte/cannes/art_et_essai/703207.jpg
703779.jpg,dreamworks,animation,dreamworks,0.997,"LE FUTUR, | C'ÉTAIT MIEUX ÁVANT | CROODS2 | DREAMWORKS | UNENOUVELLEÈRE | LE 27 JANVIER | DREAMWORKS | #LesCroods @UniversalFR@LesCroodsFR LesCroods-lefilm.com",affiches_avec_texte/dreamworks/animation/703779.jpg
706279.jpg,cannes,art_et_essai,cannes,0.999,Ak | L'ENLÈVEMENT | FESTIVALDE CANNES | SELECTONOGAE0 | COMPETITION | MARCO BELLOCCHIO | UN FILM DE | inter,affiches_avec_texte/cannes/art_et_essai/706279.jpg
707090.jpg,cannes,art_et_essai,cannes,1.000,FESTIVAL DE CANNES | UN CERTAIN REGARD | SÉLECTION OFFICIELLE 2022 | BUTTERFLYVISION | UN FILM DE | MAKSYM NAKONECHNYI | RITA BURKOVSKA LIUBOMYR VALIVOTS MYROSLAVA VYTRYKHOVSKA-MAKAR NATALKA VOROZHBYT | SM M SSSMUN NNE NNNEUM B M SEDA MAMN RGCA | W O EC N OLA E AN AN  ITA H  ARIA OMA SME  ROSN E AO UUSEND | FILM | evrimogesC | NOUR,affiches_avec_texte/cannes/art_et_essai/707090.jpg
707615.jpg,venise,art_et_essai,venezia,1.000,"NOUR FLMS | ""UN FILM D'UNE INCROYABLE ÉNERGIE | SUR LE POIDS DES TRADITIONS : UNE PÉPITE !"" ELLE | Chroniques | d'Haifa | HISTOIRES | PALESTINIENNES | PAR LE RÉALISATEUR DE AJAMI | SCANDAR COPTI | 581 | LA BIENNALE DI VENEZIA 2024 | MOSTRA INTERNAZIONALE | D'ARTE CINEMATOGRAFICA | PRIX DU MEILLEUR SCÉNARIO | ORRIZONTI",affiches_avec_texte/venise/art_et_essai/707615.jpg
711218.jpg,berlin,art_et_essai,"berlin,berlinale",1.000,SAM | STACY | JACK | RILEY | MARTIN | FARTHING | ISLANDS | UN FILM DE JAN-OLE GERSTER | GRAND PRIX | REIMS | 75 | PLAR | Berlinale Special | PESTIALINTEIOAL | Gala | AU CINÉMA LE 2 JUILLET | jour2féte | MEDIA,affiches_avec_texte/berlin/art_et_essai/711218.jpg
712350.jpg,cannes,art_et_essai,cannes,1.000,WIY NOT PROBUCIONS PRÉSENTE | Casta | Lactitja | Engel | Joseph | Garrel | Louis | VU | FESTIVALDE CANNES | SÉANCE SPÉCIALE | SÉLECTION OFFICIELLE 2021 | La | Croisade | tn ñilm deLouis Garrel | N    P   + + N,affiches_avec_texte/cannes/art_et_essai/712350.jpg
715517.jpg,cannes,art_et_essai,cannes,1.000,guiNMAinE | VINCITORE | ★★★★ | FHMBELLA | IL PRESENTE DEL CINEMA ITALIANO HA GÉI OCCHI GRANDIDI CARPIGNANO | CRITICA | CANNES | LAREPUBBLICA | ★★★★ | CARPIGNAÑO CONFERMA IL SUO TALENTO | IL FATTO QUOTIDIANO | A CHIARA | UN FILM DI JONAS CARPIGNANO | arte | mi2 | 民 | LUCKYRED,affiches_avec_texte/cannes/art_et_essai/715517.jpg
716735.jpg,cannes,art_et_essai,cannes,1.000,"t3usam | OFFICAL SELECTION | acid | CANNES | 2020 | āā | LES AFFLUENTS | un film de Jessé Miceli | AVEC SEK SONGSA EANG PHEARUM ROM RITHY VANN LEK RÉALUSÉ PAR JESSÉ MICELIÉCRIT PAR JESSÉ MICELIMAGE RUN SOKHENG SON CHEK DARAMONTAGE CLÉMENT SELITZKI PREMIERASSISTANT MUT | BALLAT PRODUIT PAR HOROMA FILMS (JESSÉ MICELI) & PERSPECTIVE FILMS (GAÉLLE JONES) AVEC LA PARTICIPATION DE KAMPUCHEA TELA CO, LTD, TL GROUP INTERNATIONAL ET KLAPYAHANDZ | DISTRIBUÉ PAR LOCAL FILMS DISTRIBUTION | PERSPECTIVE | LD | TROISCOULEURS | TLGROUP",affiches_avec_texte/cannes/art_et_essai/716735.jpg
719677.jpg,cannes,art_et_essai,cannes,1.000,Un polar | époustouflant. | TÉLÉRAMA | SÉLECTION OFFICIELLE | COMPÉTITION | FESTIVAL DE CANNES | MEMENTO FILMS PRODUCTION | LE LAC | PRESENTE | AUX OIES | 南南站聚會 | SAUVAGES | UN FILM DE DIAO YINAN | inter | I热光arta | memento,affiches_avec_texte/cannes/art_et_essai/719677.jpg
721314.jpg,cannes,art_et_essai,cannes,1.000,"E:MNOWE | SAISISSANT"""" SÉDUISANT | LES INROCKS | LIBÉRATION | DES RÉALISATEURS | VARON | CANNES 2022 | DEVENIR UN HOMME | DANS LES RUES DE BOGOTA | *★ | M | FABIÁN HERNANDEZ | UN FILM DE",affiches_avec_texte/cannes/art_et_essai/721314.jpg
721497.jpg,cannes,art_et_essai,cannes,1.000,XIK | FESTIVAL DE CANNES | SÉLECTION OFFICIELLE 2024 | UN CERTAIN REGARD | VitandNam | UN FILM DE | Truong Minh Quý,affiches_avec_texte/cannes/art_et_essai/721497.jpg
721686.jpg,dreamworks,animation,dreamworks,0.998,LE FILM LE PLUS FUN DE L'HISTOIRE | LesTrolls2 | DREAMWORKS | TOURNÉE MONDIALÉ | LE 1erEAVRIL | AU CINÉMA | Lestrplslee.com/rfLesroUnver,affiches_avec_texte/dreamworks/animation/721686.jpg
721894.jpg,cannes,art_et_essai,cannes,1.000,"“UN MAGNIFIQUE THRILLER PARANOÎAQUE"" | Le Monde | FESTIVAL DE CANNES | COMPÉTITION | SÉLECTION OFFICIELLE 2022 | BENOÎT MAGIMEL | PACIFICTION | TOURMENTSUR LESÎLES | UN FILM DE | ALBERT SERRA",affiches_avec_texte/cannes/art_et_essai/721894.jpg
722650.jpg,cannes,art_et_essai,cannes,1.000,UNE | REBECCA | ANDRÉ | ANTHONY | MARDER | MARCON | BAJON | DE LA COMÉDIE FRANÇAISE | 60° SEMAINE | DE LA CRITIQUE | CANNES 2021 | JEUNE | FILLE | QUI | VA | BIEN | UN FILM DE | SANDRINE | KIBERLAIN | AVEc INDIA HAIR FRANÇOISE WIDHOFF | SCÉNARIO DE SANDRINE KIBERLAIN | CANR | france-tvdistribution | AD VITAN,affiches_avec_texte/cannes/art_et_essai/722650.jpg
723155.jpg,cannes,art_et_essai,cannes,0.999,BA MOET ONENC RICACD  DNEBA | NEES | FESTIVAL DE CANNES | SÉLECTION OFFICIELLE 2023 | COMPÉTITION | VERS UN AVENIR RADIEUX | une comédie de | NANNI MORETTI | aeC NANNI MORETTI MARGHERITA BUY | SILVIO ORLANDO | BARBORA BOBULOVA MATHIEU AMALRIC | NE2RE M DTE NE | OAGE JERYSTURS ARIAAPINL VRUENTMAROMAN TECE CELI BEMADETI FUA RIRN RANCSC BBADI MCEEBUREA LABANARBI GUGPE SOTT ARAMASERA BLUYOSBM | PAN No-3onémo fronce-tye,affiches_avec_texte/cannes/art_et_essai/723155.jpg
724702.jpg,cannes,art_et_essai,cannes,1.000,FESTIVAL DE CANNES | SÉLECTION OFFICIELLE 2020 | ALSÉNI | LYNA | JAMIL | FINNEGAN | FARIDA | DENIS | BATHILY KHOUDRI MCCRAVEN | OLDFIELD | RAHOUADJ LAVANT | GAGARINE | UN FILM DE FANNY LIATARD ET JÉRÉMY TROUILH | TOTEM,affiches_avec_texte/cannes/art_et_essai/724702.jpg
725236.jpg,cannes,art_et_essai,cannes,1.000,UN WLI OE | DAVID CRONENBERG | VINCENT CASSEL DIANE KRUGER | FESTIVAL DE CANNES | SÉLECTION OFFICIELLE 2024 | COMPÉTITION | LES LINCEULS | SAD BN SAIL SAINT LAURENT BY ANTHONY UNCGARELLD I MARTIN GAIZ PISTEME | GUY PEARCE THE SHROUOS | SANDRINE HOLT | sbs | SAINT LAURENT | prosperotures | ① eurimages | CANAL+ | ocs | 14204 | DIRE | sbs,affiches_avec_texte/cannes/art_et_essai/725236.jpg
728896.jpg,berlin,art_et_essai,berlin,1.000,72 | Panorama | Internationale | Filmfestspiele | Berlin | PAR LE RÉALISATEUR DE | HEARTSTONE:UN ÉTÉ ISLANDAIS | LES | BELLES | CRÉATURES | UN FILM DE | GUDMUNDUR ARNAR GUDMUNDSSON | LE 25 SEPTEMBRE AU CINÉMA | outplaáóplus,affiches_avec_texte/berlin/art_et_essai/728896.jpg
728958.jpg,cannes,art_et_essai,cannes,1.000,"M NRNE | LAETITIA | FRANÇOIS | JEAN-PASCAL | ANNE | KODI | DOSCH | DAMIENS | ZADI | DORVAL | LE CHIEN | UUAK | FESTIVAL DE CANNES | UNCERTANND | LEPROCÈS | DU CHIEN | UN FILM DE LAETITIA DOSCH | Avec MATHIEU DEMY, ANABELA MOREIRA ot la partfidipation de PIERRE DELADONCHAMPS | DNERETCREROG | E | o miz",affiches_avec_texte/cannes/art_et_essai/728958.jpg
730520.jpg,cannes,art_et_essai,cannes,1.000,ouinlAinE | HITROAD | CANNES | WRITTEN &DIRECTED BY PANAH PANAHI | DS  PN | HASSAN MADJOUNI | PANTEA PANAHIHA | RAYAN SARLAK | AMIN SIMIAR | FIRST ASSISTANT DIRECTOR NEGAR JONEYDI SET DESIGNER BABAK JAJAEI COSTUME DESIGNERS MAHSA & SARA KHAMISI VISUAL EFFECTS SUPERVISOR | MOHAMMAD SANIFAR MUSIC PAYMAN YAZDANIAN SOUND ABDOLREZA AKBARI SOUND MIX ZOHREH ALI AKBARI EDITOR ASHKAN MEHRI & AMIR ETMINAN | DIRECTOR OF PHOTOGRAPHY AMIN JAFARI SCREENPLAY PANAH PANAHI PRODUCERS MASTANEH MOHAJER & PANAH PANAHI DIRECTOR PANAH PANAHI,affiches_avec_texte/cannes/art_et_essai/730520.jpg
732958.jpg,cannes,art_et_essai,cannes,1.000,"DES RÉALISATEURS | CANNES 2022 | JKii | ASHKAL | UN FILM DE | YOUSSEF CHEBBI | ""UN FILM QUI A | ""UN FILM NOIR | ""TROUBLANT ET | LE FEU SACRÉ"" | À LA TENSION | FASCINANT"" | LIBÉRATION | FANTASTIQUE"" | TÉLÉRAMA | NOVA | AU CINÉMA LE 25 JANVIER",affiches_avec_texte/cannes/art_et_essai/732958.jpg
740405.jpg,cannes,art_et_essai,cannes,1.000,"WIUUAE | SÉLECTION | sundance | DEAUVILLE | FESTIVAL DE | OFFICIELLE | FESTIVAL DE CANNES | 2021 | SÉLECTION OFFICIELLE | “UNE FEMME DANS L'INDUSTRIE DU X : | CHOC, ENGAGÉ ET CONTEMPORAIN | CINEMATERSER | PLEASURE | UN FILM DE NINJA THYBERG AVEC SOFIA KAPPEL",affiches_avec_texte/cannes/art_et_essai/740405.jpg
741209.jpg,cannes,art_et_essai,cannes,1.000,"""KORE-EDA RACONTE LES MYSTÈRES DE L’ENFANCE"" | PREMIÈRE | FESTIVAL DE CANNES | PRIX DU SCÉNARIO | 2023 | L'INNOCENCE | MONTÉ ET RÉALISÉ PAR | KORE-EDA HIROKAZU | SCÉNARIO DE | MUSIQUE DE | SAKAMOTO YUJI | RYUICHI SAKAMOTO | BAGI HNATA ANAA YKD FRIDUCBRG DEORES ICHNAMA MINAM | E KORE A HNA UPRICER E  HH PO RH AM N AA KEI | IME H NMAG  MA | AUHKO MONIR NA BURES ONASE AORKI DÉS MISIMAISUIEKKEKD | GAGA* | EBR NCIN GO O HIOCEB EGE MANE | goodlellas | Le Pacte | C",affiches_avec_texte/cannes/art_et_essai/741209.jpg
743226.jpg,cannes,art_et_essai,cannes,1.000,"CATE BLANCHETT ROY DUPUIS NIKKI AMUKA-BIRD | “'Night of The Living Dead' | CHARLES DANCE TAKEHIRO HIRA DENIS MÉNOCHET | meets 'Dr. Strangelove.'"" | ROLANDO RAVELLO ZLATKO BURIĆ | INVERSE | AND ALICIA VIKANDER | THE OFFICIAL MOTION PICTURE OF THE G7 | tiff | OFFICIAL SELECTIO | New York | A FILMBY GUY MADDIN EVAN JOHNSON GALEN JOHNSON | 2e24 Omiciat Setection | RUMOURS | ONLY | IN THEATERS | OCTOBER 18 | FESTIVAL DE CANNES | DUT OF COMPETITION | STREECKER | R",affiches_avec_texte/cannes/art_et_essai/743226.jpg
746253.jpg,venise,art_et_essai,venezia,1.000,STUDIO 24 ET KMBO PRÉSENTENT | 576 | MOSTRA INTERNAZIONALE | D'ARTE CINEMATOGRAFICA | LA BIENNALE DI VENEZIA 2019 | Meilleur Réalisateur | PQUR | L'ÉTERNITÉ | ABOUT ENDLESSNESS | UN FILM DE ROY ANDERSSON | CNCE | KMI,affiches_avec_texte/venise/art_et_essai/746253.jpg
747288.jpg,berlin,art_et_essai,berlin,1.000,"ARIZONA DISTRIBUTION | Ours d'argent | PRESENTE | 72 | Internationale | Filmfestspiele | GRAND PRIX DU JURY | Berlin | LA | ROMANCIÈRE, | LE FILM ET LE HEUREUX HASARD | UN FILM DE HONG SANGSOO | LTNENGAMENNLMEDWINA | ARI | CAHIERS | CINEMA | LeMonde PREMIERE | culture",affiches_avec_texte/berlin/art_et_essai/747288.jpg
747518.jpg,venise,art_et_essai,venise,1.000,VINCENT LACOSTE | 576 | FESTIVAL DE VENISE | MES JOURS | DEGLOIRE | UN FILM DE ANTOINE DE BARY | NOÉE ABITA AVEC LA PARTICIPATION DE EMMANUELLE DEVOS ET CHRISTOPHE LAMBERT | EERW | IC3NOCLAST | ICONOCLASTFILMS | POSTER | BUC,affiches_avec_texte/venise/art_et_essai/747518.jpg
747983.jpg,cannes,art_et_essai,cannes,1.000,MEMENTO PRODUCTION | UN | GRAND PRIX | FESTIVAL DE CANNES 2021 | HÉROS | UN FILM DE | ASGHAR FARHADI | AMIR JADIDI | MOHSEN TANABANDEH | SAHAR GOLDOOST | FERESHTEH SADRORAFAEI | ENSIW GOOAN : SANA AI | MW SDB AREAE EUAT MMMGEG SL OEM | GW | ÉEOBGNN ENANAN SNNA | GNGNGMERMAN | AENSE | : | BeEHN NENI ANEBA | AGINERaNDMNE | inter | CANE NONA IN C MA  CMAGEANNE NSTIT RANCASS,affiches_avec_texte/cannes/art_et_essai/747983.jpg
748410.jpg,cannes,art_et_essai,cannes,1.000,XK | SÉLECTION OFFICIELLE | COMPÉTITION | FESTIVAL DE CANNES | あさこ | APRÈS SENSES | ASAKO | MASAHIRO HIGASHIDE | ERIKA KARATA | & | un film de RYUSUKE HAMAGUCHI | EBMEAEESHSHNENES,affiches_avec_texte/cannes/art_et_essai/748410.jpg
751114.jpg,venise,comedie,venise,0.999,"ASIFILMS ET STUDIOCANAL PRÉSENTENT | LA FAMILLE, C'EST PAS TOUJOURS DES VACANCES ! | BENOÎT | VALÉRIE | POELVOORDE | BONNETON | VENISEN'EST | PAS ENITALIE | 3AHIA590 | LE 29 MAI | ET AVEC HÉLIE THONNAT | UN FILM DE IVAN CALBÉRAC | EUGÉNE MARCUSE COLINE D'INCÀ LUNA LOU VÉRONICANOVAK CIAPATCPAIONEDAVID SALLESTDE NICOLAS BRIANÇON | VAN CALBERAC VENIE NEST PASEN TALESABELE CREAF OUBLET ÉRIC ALTMAYER NCOLAS ALMAVR | AA CASS | 2cinéma SCOPE  fronce-tv",affiches_avec_texte/venise/comedie/751114.jpg
757776.jpg,venise,animation,venise,1.000,"“EXCEPTIONNEL""“ADMIRABLE” | GQ US | Variety | “PROFOND ET PLEIN D'ESPRIT. | UN FILM IMMENSE | “UNE ANOMALIE | ""ÉTRANGE ET MAGNIFIQUE. | Paris Match | GRANDIOSE"" | BOULEVERSANT"" | Télérama | Libération | “UNE ÉTRANGE FABLE EXISTENTIELLE"" | “ENVOÛTANT""“UN CHEF-D'CEUVRE"" | Les Inrockuptibles | The Hollywood Reporter | Rolling Stone | Anomalisa | ""DRÔLE ET CORROSIF"" | Le Monde | GRAND PRIX | FESTIVAL DE VENISE | ""POIGNANT.BRILLANT"" | Entertainment Weekly | UN FILM DE | CHARLIE KAUFMANET DUKE JOHNSON | AVEC LES VOIX DE | DAVID THEWLIS, JENNIFER JASON LEIGH ET TOM NOONAN",affiches_avec_texte/venise/animation/757776.jpg
759172.jpg,cannes,art_et_essai,cannes,0.999,"D'UNE CHALEUR HUMAINE DÉBORDANTE""★★★★ | THE GUARDIAN | DES RÊALISATEURS | CANNES 2021 | () | ADEEL AKHTAR | CLAIRE RUSHBROOK | ALI &AVA | UN FILM DE CLIO BARNARD | J | a",affiches_avec_texte/cannes/art_et_essai/759172.jpg
760717.jpg,cannes,art_et_essai,cannes,1.000,"LES FILMS D'ICI MÉDITERRANÉE, SERGE LALOU | 17 DULAC DISTRIBUTION PRESENTENT | VIUAL | ANNEDY | PRIX FONDATION GAN | À LA DIFFUSION | FESTIVAL DE CANNES | WOREINPROORESS | SÉLECTION OFFICIELLE | 2020 | JOSEP | UN FILM DE AUREL | SCÉNARIO DE JEAN-LOUIS MILESI INSPIRÉ DE LA VIE ET L'CEUVRE DE JOSEP BARTOLÍ | SERGILÓPEZ BRUNO SOLO GÉRARO HERNANDEZ DAVIO MARSAIS VALÉRIE LEMERCIER FRANÇOIS MOREL ALAIN CAUCHI THOMASVD SOPHIAARAM PAPE BAMAR KANE XAVIER SERRANO ALBAUOL SÍLVIAPEREZCRUZ EMMANUEL VOTTERO",affiches_avec_texte/cannes/art_et_essai/760717.jpg
764170.jpg,cannes,art_et_essai,cannes,1.000,UN FILM DE MIRANDA JULY | KAJILLIONAIRE | EVAN RACHEL WOOD DEBRA WINGER AVEC GINA RODRIGUEZ ET RICHARD JENKINS | $ 1575 08 | The BrestCrnued | Te Breat Craut | DEAUVILLE | FESTIVAL DE | 2020 | COMPÉTITION | FOCUS FEATURES PÉSENT | ÉCRIT ET RÉALISÉ PAR MIRANDA JULY | ANNAPURNA PICTURES | DES RÉALISATEURS | CANNES 2020 | MEGAN ELLISON | NE TE SOUS-ESTIME PAS. | AU CINÉMA LE 30 SEPTEMBRE,affiches_avec_texte/cannes/art_et_essai/764170.jpg
764873.jpg,cannes,art_et_essai,cannes,1.000,"NON-STOP PRODUCTION O! WHY NOT PRODUCTIONS | après ELENA et LEVIATHAN | Bouleversant EMONDE | Un choc | Saisissant | POSITIF | TÉLÉRAMA | PRIXDUJURY | FESTIVAL DE CANNES | FAUTE | D'ÁMOUR | UN FILM DE | ANDREIZVIAGUINTSEV | MARIANNASPIVAK | ALEXEIROZINE | MATVEI NOVIKOV | MARINA VASSILIEVA ANDRIS KEISS ALEXEIFATEEV SERGUEI BORISSOV NATALIA POTAPOVA | NE  NS M I   MV PS CETEX, GÉGIE S GL FTIV | CFCCE | DrOdalt par ALEXANDRE ROONIANSKI SERGUES MELKBUMOV cEalisatIon ANDBET ZVIAGUINTSEV | inter | AT NOT | 目 | arte | CANAL+ | WDR° | CINE + | uLdbunch | PERAMITE",affiches_avec_texte/cannes/art_et_essai/764873.jpg
767376.jpg,dreamworks,animation,dreamworks,0.993,DREAMWORKS | Souris | City,affiches_avec_texte/dreamworks/animation/767376.jpg
768545.jpg,cannes,art_et_essai,cannes,0.999,S.CNIS ET ANA | OLVTVMADOMMD | FESTIVAL DE CANNES | SÉLECTION OFFICIELLE 2024 | COMPÉTITION | CHIARA | CATHERINE FABRICE NICOLE BENJAMIN MELVIL HUGH | MASTROIANNI DENEUVE LUCHINI | GARCIA BIOLAY POUPAUD SKINNER | MARCELLO MIO | UN FILM DE | CHRISTOPHE HONORÉ | AVEC LA PARTICIPATION DE STEFANIA SANDRELLI | inter,affiches_avec_texte/cannes/art_et_essai/768545.jpg
769809.jpg,venise,art_et_essai,venise,1.000,ELIZA | TOBY | EMILY | EUGENE | ESSIE | BEN | SCANLEN WALLACE BARCLAY GILFEDDER DAVIS MENDELSOHN | MILLA | UN FILM DE | SHANNON MURPHY | 576 | FESTIVAL DE VENISE | PRIX MARCELLO MASTROIANNI | DU MEILLEUR ESPOIR,affiches_avec_texte/venise/art_et_essai/769809.jpg
783200.jpg,berlin,art_et_essai,berlin,1.000,★★★★★ | DEUX FILMS MIROIR DE JOÃO CANIJO | ★★★★★ | K73° | NUND LOPES FILIPA AREOSA LEONOR SILVEIRA | RAFAEL MORAIS LIA CARVALHO | Festival | NAAMARA | International du | film de Berlin | Encounters | CIWRANINICPA EESPISEND | UFD | UPO DISTRIBUTION PRÉSENTE | (VIVRE MAL) | VIVER | MAL | CANIJO | VVVER | MA | CANIro | roO | (MV DL RE | URO G HT | en | pix  ury | til e erin | 73 | Inteenadu | esiva | CLEA EA ARETOO | ours rgent | ANABAAAAEDA | 年年年年年 | IO OO,affiches_avec_texte/berlin/art_et_essai/783200.jpg
789624.jpg,cannes,art_et_essai,cannes,1.000,UNITÉ PRÉSENTE | SOUHEILAYACOUB | DÉBORAH LUKUMUENA | DESRÊALISATEURS | CANNES | ENTRE | LES VAGUES | UN FILM DE ANAIS VOLPÉ | LESA.CO | UNITÉ I ENTRE LES AGUES  ANÍS VOLÉ  OUEIA YACOUB DÉBORA LUKUUENA MAHIEU LONGE SVEA ATI ANGÉLIOUE KIDO CAROLIE NATAF | NACINEVENTUREARTEOFINOVFILMLAREGONLE-DE-FRANEENTRENATIONALDUCINEMAETDLMAGEANIMENFILMS | OUCTIOM ASTRID LECARDONNEL MECTEUR DE PHOOUCTIO THOMAS MORVAN UN HROUCTON UNITE OSTHUTION KMBO AMECLES PA | CANAL+ CINE+ | UNITE | CANALO | CiNE+ | CINEVENTURE | arte | le France | KmSO | mi2 | arte | Konbinī | Causette | OBSESSION | Culture | pass | CNC | KMBO | CINE+,affiches_avec_texte/cannes/art_et_essai/789624.jpg
789719.jpg,cannes,art_et_essai,cannes,1.000,RENATE REINSVE ANDERS DANIELSEN LIE HERBERT NORDRUM | FESTIVAL DE CANNES | SÉLECTION OFFICIELLE 2021 | COMPÉTITION | Julie (en 12 chapitres) | UN FILM DE | JOACHIM TRIER | PICTURES | OSLO | mk2 | (vnowglobe) | BR·F | arte | memento,affiches_avec_texte/cannes/art_et_essai/789719.jpg
790537.jpg,cannes,art_et_essai,cannes,1.000,"SA7 FILMS, LOTTA FILMS ET NEW STORY MRESENTENT | JÉRÉMY | CÉDRIC | DAVIA | JEAN-CHRISTOPHE | LIVIA | APOLLONIA | ROSELYNE | ALBERTI | APPIETTO | BENEDETTI | FOLLY | VITTINI | ORSONI | DE NOBILI | acid | SPECIALJURY | AWARD | CANNES | 2021 | ROTTERDAM 2021 | COMETE | T | UN FILM DE | PASCAL TAGNATI | ANMMEMREBAO ANGGGUNGGVN NISAN RN PEGAPG MIN ENE EEN | V==m | 4 | CINECAPS | 2 | sDopy",affiches_avec_texte/cannes/art_et_essai/790537.jpg
791174.jpg,cannes,art_et_essai,cannes,1.000,LES FILMS DU FLEUVE ET ARCHIPEL 3S PRÉSENTENT | LEJEUNE | AHMED | UN FILM DE | JEAN-PIERREETLUCDARDENNE | SÉLECTION OFFICIELLE | COMPÉTITION | FESTIVAL DE CANNES | IDIR BEN ADDI | OLIVIER BONNAUD MYRIEM AKHEDDIOU VICTORIA BLUCK CLAIRE BODSON OTHMANE MOUMEN | MM JEAN-PIERRELUIC DARDENE ENBENOIT DERNAIIMARIE HÉLENE OZO NRWN JEAN PERRE DURET JULUEN SICAT  THOMAS CAUDER | GR GABRIE EMAIRA AMEDHANEMCABOUNE AMB | ARCHIPEL3S FHANCE CNÉMA PBOMISRIE | EURIMAGESMTASHEITOU GOUVERNEMNT FÉDÉRAL BELGECASA AFKA PICTURESCAS KAFKACURES MOVIE TAHETER EMPOWEREBYBELFIUSWLD BUNCH DAPHANA NEARTBIM DISTRIBUZIONE WID BUNCH | ÉVISION BELGE) NECLAN | inter | BT | pro00mus | rore | fronce-te | s | E | BM,affiches_avec_texte/cannes/art_et_essai/791174.jpg
792759.jpg,cannes,art_et_essai,cannes,1.000,CAPRICCI | « FURIEUSEMENT DRÔLE ET FÉMINISTE!» | SOFILM | HINE | DES CINÉASTES | CANNES | RADHIKA APTE | SISTER | MIDNIGHT | UN FILM DE KARAN KANDHARI | BIM capricci | UR PETSA,affiches_avec_texte/cannes/art_et_essai/792759.jpg
793715.jpg,cannes,art_et_essai,cannes,1.000,SKOPIA FILM & JEREMY THOMAS | PRÉSENTENT | XK | FESTIVAL DE CANNES | PRIX DU JURY | 2022 | UN FILM DE | JERZY SKOLIMOWSKI | . | 回,affiches_avec_texte/cannes/art_et_essai/793715.jpg
794799.jpg,cannes,art_et_essai,cannes,1.000,"SÉLÉCTION OFFICIELLE | UN CERTAIN REGARD | FESTIVAL DE CANNES 1993 | DÉMÉNAGEMENT | UN FILM DE | SHINJISÔMAI | ""Le meilleur cinéaste de sa g'nération"" | Kore-EdaHirokazu | POUR LA PREMIÈRE FOIS AU CINÉMA - RESTAURATION 4K",affiches_avec_texte/cannes/art_et_essai/794799.jpg
799459.jpg,cannes,art_et_essai,cannes,1.000,"PLUTÔT LOUP-GAROU OU VILLAGEOIS ? | ANTHONY | CHRISTINE | NOÉMIE | BAJON | GAUTIER | LVOVSKY | TEDDY | UN FILM DE | LUDOVIC ET ZORAN BOUKHERMA | FESTIVAL DE CANNES | SÉLECTION OFFICIELLE | 2020 | SUPER | LOTO | DU LYCEE GEORGE SAND | MERCREDI 13 JANVIER | À PARTIR DE 21H | À LA SALLE DES FÊTES | DE NOMBREUX LOTS DONT 2 FILETS GARNIS, | 1 ASPIRATEUR, JAMBONS CRUS, | 1IMPRIMANTE,1AQUARIUM,1PS4 | ET DE NOMBREUK BONS | CARTON:3C-4 CARTONS:8C-8CARTONS:14C | NEOS ET RÉSERVATIONS AU 02.03.04.05.06 | UMETTE ET RESTAURATION SUR PLACE | BOOKMAKERS. | baxer | LES FILMS VELVET | CANAL+ | CINE + | INDÉFILMS | S@FTTVOINE7 | PROCIREP | JOKERS",affiches_avec_texte/cannes/art_et_essai/799459.jpg
801534.jpg,cannes,art_et_essai,cannes,1.000,"EPICENTRE FILMS PRESENTE | Après ILO ILO (Caméra d'Or - Festival de Cannes) | tiff | Official Selection | ENTREVUES BELFORT | WETSO | PRIX D'AIDE ALA DISTRIBUTION CINE + | Tronto tteat | SEASON | UN FILM DE | ANTHONY CHEN | 陳哲藝 | YEO YANN YANN | KOH JIA LER | UN FILM ÉCRIT ET RÉALISE | EPICENTRE FILMS PRESENTE WET SEASON UNE | PRODUCTION GIRAFFE PICTURES EN ASSOCIATION AVEC HOOQ, REDIANCE ET NEW CENTURY INFLUENCE FILMS | SE SAM CARE DIRECTION ARTISTIQUE SOON YONG CHOW | MONTAGE HOPING CHEN, JOANNE CHEONG SON KUO LI CHI, ZHE WU CASTING KOO CHIA MENG ASSISTANTE REAUSATRICE CHARLOTTE LIM DIRECTION DE PRODUCTION IRENE KUNG | PRODUCTEURS ANTHONY CHEN, HUANG WENHONG, TAN SI EN PRODU | JRS DÉLÉGUÉS DES TAN, MENG XIE, PETER BITHOS, JENNIFER BATTY, BRYAN SEAH | JIANBIN ZHANG, LEONG SZE HIAN, GINA LAU AVEC LA P | VENTESINTERNATIONALES MEMENTO FILMS INTERNATIONAL DISTRIBUTION EPICENTRE FILMS",affiches_avec_texte/cannes/art_et_essai/801534.jpg
802006.jpg,venise,comedie,venezia,0.999,THOMAS ef MATHIEU VERHAEGHE | présentent | Anais Demoustier | 580 | Gilles Lellouche | MOSTRA INTERNAZIONALE | LA BIENNALE DI VENEZIA 2023 | D'ARTE CINEMATOGRAFICA | Edouard Baer | Official Selection | Jonathan Cohen | Pio Marmaï | Didier Flamand | Romain Duris | Agnès Hurstel | mmioos | Daaaaaalí! | un film de | QUENTIN DUPIEUX | QUENTIN DUPIEUXJOAN LE BORUHOMAS BANGALTTER | GUILLAUME LE BRAZ-ALEXIS PLACE-GADOU NAUDIN- JEANPAUL HURIER SABEUE PANNETIER CHRISTIAN ALZIEU | ARNAUD TOURNAIRETÉPHANE AVENARD CAME CARIOUHOMAS &MATHIEU VERHAEGHE | ASSOCIATES M PRODUCTIONS MALIKA LAMBERT MATTHIEU GIRAUD FRANCE 3 CINÉMA RÉGIONLE- DE- FRANCE | RÉGIONPROVENCE-ALPES-CÔTE D'AZURCNCSACEMCANAL+OCS-FRANCE TÉLÉVISIONSC8 | COFINOVA 19· CINEAXE 4- ENTOURAGE SOFICA-INDÉFIMS 11-PALATINE ÉTOILE 20- SG IMAGE 2021CINÉMAGE 18 | PROCIREP·CINÉMAGE 15 DÉVELOPPEMENT·COFIMAGE DÉVELOPPEMENT 1KINOLOGY DIAPHANA DISTRIBUTION | ©2023ATEUER DEPRODUCTIONFRANCE3CNÉMA,affiches_avec_texte/venise/comedie/802006.jpg
805097.jpg,cannes,art_et_essai,cannes,1.000,RACHID BOUCHAREB | REDA | LYNA | RAPHAËL | SAMIR | KATEB | KHOUDRI | PERSONNAZ | GUESMI | FESTIVAL DE CANNES | CANNES PREMIÈRE | SÉLECTION OFFICIELLE 2022 | ABDEL | MALIK | ABDE | ABDEL ET MALIK | PLUS JAMAIS ÇA! | NOS FRANGINS | UN FILM DE | RACHID BOUCHAREB | SCÉNARIO DE KAOUTHER ADIMI & RACHID BOUCHAREB | AVEC LAIS SALAMEH ADAM AMARA WABINLE NABIE AURÉLIEN CAEYMAN FANNY POUGET AVEC LA PARTICIPATION DE GÉRARD WATKINS | france-tv | CANAL+ | CINE+ | wt turch Le Bace,affiches_avec_texte/cannes/art_et_essai/805097.jpg
806013.jpg,cannes,art_et_essai,cannes,1.000,MIA | SIDSE BABETT | MATHIEU | ELSA | WASIKOWSKA | KNUDSEN | DEMY | ZYLBERSTEIN | XK | FESTIVAL DE CANNES | SÉLECTION OFFICIELLE 2023 | COMPÉTITION | CLUB ZERO | UN FILM DE JESSICA HAUSNER | BOC,affiches_avec_texte/cannes/art_et_essai/806013.jpg
809952.jpg,cannes,animation,cannes,1.000,"FESTIVAL DE CANNES | SON HISTOIRE, C'EST CELLE DU CINÉMA. | 6 | Marcel | MONSIEUR | SYLVAIN CHOMET | UN FILM DE | KOCI",affiches_avec_texte/cannes/animation/809952.jpg
813944.jpg,cannes,art_et_essai,cannes,1.000,X泰 | FESTIVAL DE CANNES | COMPÉTITION | SÉLECTION OFFICIELLE 2022 | OSE | CL | UN FILM DE | LUKAS DHONT | EDEN | GUSTAV | ÉMILIE | LÉA | DAMBRINE DEWAELE DEQUENNE DRUCKER,affiches_avec_texte/cannes/art_et_essai/813944.jpg
817276.jpg,venise,art_et_essai,"venice,venezia",1.000,"TARRAGONA | SNII | MANNHEIM | GHMAEY | RED SEA | SAN ABABR | SAO PAULO | BALL | LUXEMBOURG | CUFINIA | KERALA | OPEING BGETEN | MMEC AMAII | JUNRY SHONTUST | BIST MERATINA TUM | LAKEFRONT | NISINGTIN IC | ATLANTA | GEORGIA | RIVERRUN | FEBIOFEST | CEOIRPIMKC | HOT SPRINGS | HUIGAS | SPOR JAR MNI | MOSTRA INTERNAZIONALE | TUIE AHI PEON MENID | LA BIENNALE DI VENEZIA | D'ARTE CINEMATOGRAFICA | GORINCHEM | AEGEAN | NTABARBARA | VENICE | OBISPO | AINC 0OG | BET MARINE | BEST HROE AIR | BST AAM | A film by DINA AMER | “AMAZING!"" | The New York Times | “A POWERFUL CRY FROM THE HEART"" | TimeOut | EXECUTIVEPRODUCED BY | SPIKE LEE/ SPIKE JONZE/RIZ AHMED / ALMA HAR'EL | GRÉGDRE CIUNZNEINE SDAN  SUNER JRANG ANY NND | E GEA  G | THE OTHRS",affiches_avec_texte/venise/art_et_essai/817276.jpg
820216.jpg,cannes,art_et_essai,cannes,1.000,MER FILMEYE EYE PICTURES | FESTIVAL DE CANNES | GRAND PRIX | 2025 | Valeur | Sentimentale | UN FILM DE | JOACHIMTRIER | RENATE | STELLAN | INGA | ELLE | REINSVE | SKARSGÅRD | IBSDOTTER LILLEAAS | FANNING | inter,affiches_avec_texte/cannes/art_et_essai/820216.jpg
822487.jpg,berlin,art_et_essai,berlin,1.000,"5 | WINNER | GERMAN FILM AWARDS | BEST PICTURE | BEST DIRECTOR·BEST ACTRESS | BEST SCREENPLAY | ""REMARKABLE. | A GRIPPING THRILLER. | A TENSE, SOCIAL PARABLE. | LEONIE BENESCH IS TERRIFIC. | A FINE EXERCISE IN RESTRAINED | BUT MOUNTING TENSION. | -Jessica Kiang. VARIETY | WINNER | 73 | Berlin | International | Film Festival | CIC.A.E Panerama Axard | Label Europa Cinemus Award | tiff. | FilmFestival | Telluride | FESTIVAL | FILM | VALLEY | OFFICIAL SELECTION | OFFICIAL SELECTION | OFFICIAL SELECTION | HAMPTONS | INTERNATIONAL | FILM FESTIVAL | Film Festival | International | MIDDLEBURG | FILM FESTIVAL | OFFICIAL SELECTION | OFFICIAL SELECTION | OFFICIAL SELECTION | ACADEMY AWARD | BEST INTERNATIONAL FEATURE FILM | OFFICIAL GERMANY ENTRY | The | Teachers' | Lounge | SONPIES S RUC F M THETEACHERS LUNGLEONE ES EDNAR STENIS VA LA CE LMR | RAAELSACHDWIA SARABAUEREIT ATRINWELISCHAEATHRINGUMMICHJUDITKAUFMAGESAÁGERAENPPERCHRISTIANRSBARBARAKREUZER | TORSTENTOBBENUNGKIRSTENUNHARTMICHAELHINREINERMARMLLERALEKANDRASTAIB(ZDF)BARBAAHABE(ARTEOLAFRUNERT(ARTE/ZDFMAKUSMAY | ZMEYEONEBA EANDAMONTAGARICK REIKAUSGLIESNE UNCKERLKERATALKERCATAK | PG-13 | C2DF | arte | MOIN | SONY PICTURES CLASSICS | WWW.TEACHERSLOUNGEFILM.COM | WWW.SONYCLASSICS.COM",affiches_avec_texte/berlin/art_et_essai/822487.jpg
823659.jpg,pixar,animation,pixar,1.000,Par les créateurs de | VICE-VERSA et | DisNep·PIXAR | COCO | LE 29 NOVEMBRE AU CINÉMA | Rejoignez-nous suriSNEpfr/DisneyPixarFR ©DisneyFR #COCO,affiches_avec_texte/pixar/animation/823659.jpg
828980.jpg,cannes,art_et_essai,cannes,1.000,LES ANATEURS PRÍSONTE | Une pépite. | TÉLÉRAMA | À voir d'urgence. | ELLE | SÉLECTION OFFICIELLE | UN CERTAIN REGARD | FESTIVAL DE CANNES | LES | HIRONDELLES | DEKABOUL | un film de ZABOU BREITMAN et ÉLÉA GOBBÉ-MÉVELLEC | adapté du roman de YASMINA KHADRA avec SIMON ABKARIAN ZITA HANROT SWANN ARLAUD HIAM ABBASS | franceinfo:,affiches_avec_texte/cannes/art_et_essai/828980.jpg
829765.jpg,venise,art_et_essai,venise,1.000,579 | LES ARCS FILM FESTIVAL | FESTIVAL DE VENISE 2022 | GRAND PRIX DU JURY | SÉLECTION OFFICIELLE | PRIX DU JURY JEUNE | L'HOMME | LE PLUS HEUREUX | DU MONDE | un film de | TEONA STRUGAR MITEVSKA | JELENA KORDIĆ KURET ADNAN OMEROV | FRAU TERMINAL 3,affiches_avec_texte/venise/art_et_essai/829765.jpg
830889.jpg,venise,art_et_essai,venezia,1.000,ANTI-ARCHIVE ET APSARA FILMS | 578 | LA BIENNALE DI VENEZIA 2021 | MOSTRA INTERNAZIONALE | D'ARTE CINEMATOGRAFICA | Orizzonti Meilleur Acteur | Qmi | WHITE | BUILDING | UN FILM DE | KAVICH NEANG | PISETH CHHUN SITHAN HOUT SOKHA UK CHINNARO SOEM SOVANN THO JANY MIN CHANDALIN Y | S AL LDTE BN | SIN AICH NEANS  VANEL MAITES  OUGIAS SEOK INDGE ELIN EM N INCENT LA WION CNAE | NG   N  IN   NA H ANE RIA   OY MOO | ENE I S  ONGC PCRE S PCTRES N NE N LS SINE | e | C0 | T,affiches_avec_texte/venise/art_et_essai/830889.jpg
831871.jpg,cannes,art_et_essai,cannes,1.000,BFILONDON | FILM FESTIVAL | New York | 60 | DES RÉALISATEURS | Film Festival | CANNES 2022 | ENYS MEN | UN FILM DE MARK JENKIN | oxpinda MARK JECN | MARY WOODVINE EDWARD ROWE FLO CRDRE JOIN MOO | ODEN BEN COREN LAUREN BARK JON | FILM4,affiches_avec_texte/cannes/art_et_essai/831871.jpg
836727.jpg,cannes,art_et_essai,cannes,1.000,LES FILMSVEVET  PRESENTE | « UN THRILLER ÉCOLOGIQUE HALETANT » | FESTIVAL DE CANNES | SÉLECTION OFFICIELLE | 2020 | ZITA | SAMI | CÉLINE | HANROT | BOUAJILA SALLETTE | ROUGE | FARID BENTOUMI | UN FILM DE | AVEC LA PARTICIPATION DE OLIVIER GOURMET | HENRI-NOËL TABARY | ALKA BALBIR,affiches_avec_texte/cannes/art_et_essai/836727.jpg
838963.jpg,cannes,art_et_essai,cannes,1.000,"UNE PRODUCTION CG CINÉMA INTERNATIONAL ET TRIBUS P FILMS INTERNATIONAL | UGC PRÉSENTE | ADAM | MARION | ET SIMON | DRIVER | COTILLARD | HELBERG | FESTIVAL DE CANNES | FILM D'OUVERTURE | COMPÉTITION | SÉLECTION OFFICIELLE 2021 | ANNETTE | UN FILM DE | LEOS CARAX | SPARKS | HISTOIRE ORIGINALE ETMUSIOVE | RON MAEL, RUSSELL MAEL, & LC | DEVYIMDOWELL | inter | AU CINÉMA LE 6 JUILLET",affiches_avec_texte/cannes/art_et_essai/838963.jpg
844321.jpg,cannes,art_et_essai,cannes,1.000,GAUMONT PRÉSENTE | FESTIVAL DE CANNES | CANNES PREMIÈRE | SÉLECTION OFFICIELLE 2021 | VICKY | KRIEPS | ARIEH | WORTHALTER | SERRE | MOI | FORT | UN FILM DE | MATHIEU AMALRIC | +UG | arte | LUPATNFILM | CANAL+ | CINE+ | BR | (0120) | Cinemage | aumont,affiches_avec_texte/cannes/art_et_essai/844321.jpg
846209.jpg,cannes,art_et_essai,cannes,1.000,ISTNLA FLNS&LES FIMS O FENE | avec la participation de | THÉO CHOLBI | MOHAMED MOUFFOK | PIERRE LOTTIN | LES | HARKIS | UN FILM DE PHILIPPE FAUCON | YANNICK | CHOIRAT | BOULAKIRBA | OMAR | MELLOUK | MEHDI | ALAEDDINE | OUALI | ZORGANE | AMINE | MALIKA | AMMARI | OUMAYMA | BENALIS | DUJANERAND | PHILIPPE | PAUL | ÉRIC | MARYAM | BARALA | DES RÉALISATEURS | culture | CANNES 2022,affiches_avec_texte/cannes/art_et_essai/846209.jpg
847949.jpg,cannes,art_et_essai,cannes,1.000,"“UNE DÉCLARATION D'AMOUR À LEUR VILLE | PAR LES PLUS GRANDS CINÉASTES HONGKONGAIS"" | LES CAHERS DU CINÉMA | Réalisé par | SAMMO HUNG | ANN HUI | PATRICK TAM | YUEN WOO-PING | JOHNNIE TO | RINGO LAM | TSUI HARK | Produit par | JOHNNIE TO | XUUK | FESTIVAL DE CANNES | SÉLECTION OFFICIELLE | 2020 | SEPTET | HONG KONG STORIES | CE0A | LE 6 OCTOBRE AU CINÉMA",affiches_avec_texte/cannes/art_et_essai/847949.jpg
849941.jpg,cannes,art_et_essai,cannes,1.000,RECTANGREPRDDUCTIONS | DARIO ARGENTO | FRANCOISSE LEBRUN | ALEXLUTZ | WIUUAK | FESTIVAL DE CANNES | SÉLECTION OFFICIELLE 202 | VORTEX | PAR GASÉPAR NOE | MARC BOUCROT KEN YASU | wud bunch,affiches_avec_texte/cannes/art_et_essai/849941.jpg
850742.jpg,cannes,art_et_essai,cannes,1.000,MEHDI | BAJESTANI | ZAR | AMIR EBRAHIMI | PRIX D'INTERPRÉTATION | FÉMININE | FESTIVAL DE CANNES | LES NUITS | DE MASHHAD | T HOLY SPIDER | UN FILM DE ALI ABBASI | AU CINÉMA LE | 13 JUILLET,affiches_avec_texte/cannes/art_et_essai/850742.jpg
853270.jpg,cannes,art_et_essai,cannes,1.000,MADS | THOMAS BO | MAGNUS | LARS | MIKKELSEN | LARSEN | MILLANG | RANTHE | FESTIVAL DE CANNES | SÉLECTION OFFICIELLE | 2020 | DRUNK | UN FILM DE | THOMAS VINTERBERG | LLANG LARS RANTHE MARIA BONNEVE HELENE REINGAARD NEUMANA | TOPISPI | IRLA | 72 | eurinages | PRIX | ART& | ESSAI | 2020 | inter | AFCEE,affiches_avec_texte/cannes/art_et_essai/853270.jpg
856035.jpg,cannes,art_et_essai,cannes,1.000,FESTIVAL DE CANNES | CAMÉRA D'OR | 2023 | oUinsAinE | DESCINÉASTES | ANNES2021 | L'ARBREAUX | PAPILLONSD'OR | UN FILM DE | PHAM THIÊN ÂN | IK FEM I PITOCE | GENNMGPEONCADEMNEN | UN   HNG  MA   NG  B DE   NN  H NG    HING N | MAREDAS NGIEN L AMA ATMONS,affiches_avec_texte/cannes/art_et_essai/856035.jpg
857750.jpg,cannes,art_et_essai,cannes,1.000,SEMAINE | DE LA CRITIQUE | CANNES 2021 | FEATHERS | A FILM BY OMAR EL ZOHAIRY | WITTENBY AHMED AMER OMAR EL ZOHAIRY DBECTED BY OMAR EL ZOHAIRY MAGE KAMAL SAMY EDING HISHAM SAQR ROOUCTION DESIGN ASEM ALI | WTHDEMYANA NASSAR SAMY BASSIOUNY FADY MINA FAWZY ABO SEFEN NABIL WEZA MOHAMED ABD EL HADY | COSTUMS HEBA HOSNY SOUND AHMED ADNAN HING NIELS BARLETTA AD AHMED EMAD PRIOOUCTION MANAGER HESHAM ABU ZEID HEAD OF PROOUCTION SAMER SALAH | EXECUTVE PUCE MOHAMED EL RAIE PIOUCED Y JULIETTE LEPOUTRE COIOUCED BY MOHAMED HEFZY SHAHINAZ AL AKKAD DERK-JAN WARRINK | KOJI NELISSEN GIORGOS KARNAVAS KONSTANTINOS KONTOVRAKIS VERONA MEIER PIERRE MENAHEM ASSOGIATE PROOUCE DANIEL ZISKIND | ASTILL MOVING ROUCTION NCOROOUCTION WH FILM CLINIC LAGOONIE FILM PRODUCTION KEPLERFILM HERETIC | CNCE | Ps to francophonile | APOSTLAB | (OPA) 线 | STILLmOVinE,affiches_avec_texte/cannes/art_et_essai/857750.jpg
860397.jpg,cannes,horreur,cannes,1.000,FESTIVAL DE CANNES | 冒奢 | PROJECT | SILENCÉ | UN FILM DE KIM TAE-GON | JUMD,affiches_avec_texte/cannes/horreur/860397.jpg
866816.jpg,venise,art_et_essai,venezia,1.000,580 | DI VENEZIA 2023 | PAR-DELÀLES | MONTAGNES | Un film de MOHAMED BEN ATTIA | Coproduit par JEAN-PIERRE et LUC DARDENNE | MASTOURA | Majd | BISHARAT | Sumer | DRIDI | Helmi | ZEGHIDI | BOUCHHIOUA | Walid | BELGHAREK | Kinovista,affiches_avec_texte/venise/art_et_essai/866816.jpg
867180.jpg,cannes,art_et_essai,cannes,1.000,"NORD-QUEST PRÉSENTE | EN | VINCENTLINDON | GUERRE | UN FILM DE STÉPHANE BRIZÉ | MÉLANIE ROVER, SÉBASTIEN VAMELLECHRISTOPHE ROSSIGNONPHILIP BOÉFFARDVINCENT LINDONSTÉPHANE BRIZE | ACGUES BORDERIE, BRUNO BOURTHOL, GUILLAUME DRAUX, JEAN GROSSET, VALÉRIE LAMOND, OLIVIER LEMAIRE | STÉPHANE BRIZÉOLIVIER GORCE XAVIER MATHIEU BERTRAND BLESSING | EVE FRANÇOIS-MACHUELERIC DUMONTANNE NLOTZ EMILE LOURS | COMPÉTITION | SÉLECTION OFFICIELLE | OCS, CINE+, FRANCE TELÉVISZONS | LA RÉGION NOUVELLE-AQUITAINE  DÉPARTEMENT DE LOT-ET-GARON | WLA BANDUE POSTALE IMAGE 11, COFINOVA 14 | FESTIVAL DE CANNES | -3cinéma | o france pha | franceinfo: | /EnGuerre.lefilm #EnGuerre | ©@diaphana diaphana.fr",affiches_avec_texte/cannes/art_et_essai/867180.jpg
869105.jpg,berlin,art_et_essai,berlin,1.000,"VIVO FILM COLORADO FILM & RAI CINEMA PRÉSENTENT | VALERIA GOLINO | 68 | Internationale | Filmfestspiele | ALBA ROHRWACHER | Competition | Berlin | “Émouvant | MA | “Des actrices | impressionnantes | et subtil. | dans un film | FILMDECULTE | authentique | ""Captivant !” | et solaire.' | INDIE WIRE | VARIETY | FILLE | (FIGLIA MIA) | UN FILM DE LAURA BISPURI | UO",affiches_avec_texte/berlin/art_et_essai/869105.jpg
869989.jpg,cannes,art_et_essai,cannes,1.000,"THE SEVENTH ART PICTURES/ | BEUING CFDG CULTURE AND DEVELOPING | ET BODEGA FILMS | POÉSENTENT | () | DES CINÉASTES | CANNES 2023 | BLUE | SUMMER | ""A SONG SUNG BLUE"" | UN FILM RÉALISÉ PAR GENG ZIHAN | WW | TOTEM Bodte",affiches_avec_texte/cannes/art_et_essai/869989.jpg
870158.jpg,cannes,art_et_essai,cannes,1.000,JHR FILMS yenn | acid | CANNES | SSIFF | ENTREVUES BELFORT | 2024 | (三)(E)( | (义)(i)(*) | (二)(n) | (s | LA COMEDIE ARGENTINE DE L'ANNÉE! | MOIMAMERE | un film de IAIR SAID | ET LES AUTRES | RITA CORTESE | IAIR SAID JULIANA GATTAS | ANTONIA ZEGERS | INDAA MNC - MMSTSRO DILLA CILTURA - GHIZIONE GENCSALE CREME E | FLORA | A GOISA MESANO | AMATD. JORGE HORENI | LIS COLAR | KYGOSH | C4 | Neptilim | jhe,affiches_avec_texte/cannes/art_et_essai/870158.jpg
870267.jpg,cannes,art_et_essai,cannes,1.000,Irène Jacob | Grégoire Colin | Cyril Gueï | RENDEZ-VOUS | AVEC | POLPOT | UN FILM DE Rithy Panh | XIUK | FESTIVAL DE CANNES | SÉLECTION OFFICIELLE 2024 | CANNES PREMIÉRE | DULAC | DISTRIBUTION,affiches_avec_texte/cannes/art_et_essai/870267.jpg
878427.jpg,cannes,art_et_essai,cannes,1.000,SHELLAC présente | une production 0 SOM E A FURIA | UMA PEDRA NO SAPATO | DES RÉALISATEURS | CANNES 2021 | JOURNAL | DEOM | T | 66·91·G | Un film de | MAUREEN FAZENDEIRO | & MIGUEL GOMES,affiches_avec_texte/cannes/art_et_essai/878427.jpg
883317.jpg,cannes,horreur,cannes,0.998,UN | 62°SEMAINE | DE LA CRITIQUE | CANNES 2023 | AMANDA,affiches_avec_texte/cannes/horreur/883317.jpg
883377.jpg,cannes,art_et_essai,cannes,0.999,WEIT:RCIGOEOOIN | « UNE CEUVRE HYPNOTIQUE ET UN CHANT DE LIBERTÉ » SLATE | DES RÉALISATEURS | CANNES 2022 | LEBARRAGE | UN FILM DE ALI CHERRI | S,affiches_avec_texte/cannes/art_et_essai/883377.jpg
885478.jpg,berlin,art_et_essai,berlin,1.000,THOMAS | LES FILMS DU LOSANGE HRÉSENTE | SCHUBERT | BEER | PAULA | k | Ours d'Argent | LANGSTON | 73 | Internationale | UIBEL | Filmfestspiele | Berlin | ENNO | Grand Prix du Jury | TREBS | MATTHIAS | CIEL | BRANDT | LE | ROUGE | UN FILM DE CHRISTIAN PETZOLD,affiches_avec_texte/berlin/art_et_essai/885478.jpg
888931.jpg,cannes,art_et_essai,cannes,0.994,"CHI-FOU-MIPRODUCTIONS | FESTIVAL DE CANNES | “UNE CAVALE D'UNE PUISSANCE | ÉMOTIONNELLE INOUÍE"" | LES ECHOS | LEROYAUME | GHJUVANNA BENEDETTI | SAVERIU SANTUCCI | UN FILM DE | JULIEN COLONNA | SCÉNARIO JULIEN COLONNA ET JEANNE HERRY PRODUIT PAR HUGO SÉLIGNAC ET ANTOINE LAFON | GHJUVANNA BENEDETTI SAVERIU SANTUCCI ANTHONY MORGANTI ANDREA COSSU FREDERIC POGGI REGIS GOMEZ THOMAS BRONZINI ERIC ETTORI",affiches_avec_texte/cannes/art_et_essai/888931.jpg
893310.jpg,venise,art_et_essai,venise,1.000,38 PRODUCTIONS BUNBUKU T M.IMOVIES | 576 | MOSTRA DE VENISE | FILM D'OUVERTURE | CATHERINE | JULIETTE | ETHAN | DENEUVE | BINOCHE | HAWKE | UN FILM DE | KORE-EDA HIROKAZU | L | A | E | LRITE | AVEC LA PARTICIPATION DE LUDIVINE SAGNIER | E | N | uUNa  do | m | Crarogé | ANA | wtm aAk Le pade,affiches_avec_texte/venise/art_et_essai/893310.jpg
894143.jpg,cannes,art_et_essai,cannes,0.999,"DIRECTORS FORTNICHT | CANNES 2021 | JHR FILMS, JOUR2FÊTE ET ANDOLFI EN ASSOCIATION AVEC BEACHSIDE PRÉSENTENT | UN FILM DE ELY DAGHER | FACE À | LA MER | MANAL ISSA | A RABIH EL ZAHER YARA ABOU HAIDAR | ROGER AZAR | ABLA KEHORY LAN AM CHEKEROIAN INEPUC ANDOLFI INO | SHEEE | BEAOISDE ENAWRONG MEL ABBOST PRODOCIONS BEERANDEIVERPRIIS | IETONA  FEST ER DO F INSTITE RED SEA FEN EAA FN FORARSAN CE  ANGOA NEGO P | FINAL CITIN ENICE WORSHOP O  FENS JORFÉE INNS THE N NTY FEM SALES MA SOLSTINS | NYO",affiches_avec_texte/cannes/art_et_essai/894143.jpg
894586.jpg,cannes,art_et_essai,cannes,1.000,SÉLECTION OFFICIELLE | FESTIVALDECANNES | 2020 | SUS | AS | UN FILM DE | KÔJI FUKADA | PROCTR É  SH SA  UER UMASUK Y KA YD ABE N É D ÍO A TSUSH MA ST NA E DSUE HARU R RE U  SU SHA E ZENSUE HR AR HASUSH O FUADA | = SUS-MOL JE TE FUS = AVEC WIN MORISAKI KAHO TSUCIMURA SHOHEI UNO KE ISHBASHI AKAR FUKUNAGA SHUGO OSHINARI YUNTA KITAMURA NGPRÉ PNR LA BANDE DESSINÉE ORIGINALE -HONKI NO SHRUSH- DE MOCHRU HOSHISATD ÉXTÉE PAR SHOGAKUKANINC | UNE PRODUCTION MOUNTAINGATE PRODUCTION PROODUIT PAR NAGOYA TVE,affiches_avec_texte/cannes/art_et_essai/894586.jpg
895284.jpg,cannes,horreur,cannes,1.000,FESTIVAL DE DEAUVILLE 2011 | FESTIVAL DE SUNDANCE 2011 | FESTIVAL DE CANNES 2011 | GRAND PRIX | SÉLECTION OFFICIELLE | GRAND PRIX | MICHAEL SHANNON JESSICA CHASTAIN | TAKE SHELTER | UN FILM DE JEFF NICHOLS,affiches_avec_texte/cannes/horreur/895284.jpg
898963.jpg,cannes,art_et_essai,cannes,1.000,LES FILMS DU FLEUVE. ARCHIPEL SS ET SAVAGE FILM | FESTIVAL DE CANNES | PRIXDU75* | 2022 | TORI | ET | LOKITA | UN FILM DE | JEAN-PIERRE ET LUC DARDENNE | PABLO SCHILS JOELY MBUNDU ALBAN UKAJ | TIJMEN GOVAERTS CHARLOTTE DE BRUYNE NADÈGE OUEDRAOGO MARC ZINGA | inter | JAPERD,affiches_avec_texte/cannes/art_et_essai/898963.jpg
898989.jpg,cannes,art_et_essai,cannes,1.000,VIUINE | FESTIVAL DE CANNES | SÉLECTION OFFICIELLE2024 | UN CERTAIN REGARD | FILM D'OUVERTURE | WHEN | THE | LIGHT | BREAKS | un flmide | RÚNAR RÚNARSSON | COUP DE | ⑥CEUR | AU CINÉMA | CINÉMASMAS | LE 19 FÉVRIER | jour2fête | DE L'AFCAE,affiches_avec_texte/cannes/art_et_essai/898989.jpg
901677.jpg,berlin,art_et_essai,berlin,1.000,"PANAME DISTRIBUTION présente | DOD | DOD | 0O0 | 0ppp | BERLIN | CHICAGO | VALENCIA | 2023 | 2023 | 2023 | SLUEURS | GRAND PRIX | “UNE COURAGEUSE | LES | “SURPUISSANT. | CHRONIQUE DU YÉMEN, | UNE MERVEILLE | AVEC NATURALISME | SUR LE PLAN FORMEL, | ET GRÂCE."" | D | ADEN | UN TRÈS GROS CHOC."" | TÉLÉRAMA | TECHNIKART | UN FILM DE | AMR GAMAL | KHALED HAMDAN ABEER MOHAMMED SAMAHALAMRANI AWSAM ABDULRAHMAN SHAHD ALGONFEDY ISLAM SALEEM ROAAAL-HAMSHARI OMARELYAS | FILMS A | AIC AAN CUL1 | HAL | FEMAFF 390""",affiches_avec_texte/berlin/art_et_essai/901677.jpg
907750.jpg,venise,art_et_essai,venise,0.999,Le film qui manquait sur la révolution roumaine. Passionnant! | POSITIF | FESTIVAL DE VENISE | GRAND PRIX | ORIZZONTI | À BAS CEAUSESCU! | L'ARMEE EST | CNOUS! | CE NOUVEL AN | QUI N'EST JAMAIS ARRIVÉ | UN FILM DE | GRAND PRIX | ANNONAY 2025 | ULIANPOSTEUNCU MHAICIUN AORIANVÉNDCA NCDLETAÉNC ANORE MERCIRE EMUNDCBRN | BOGDAN MURESANU | OR VUADIONIEPOPESCLMORANLEA | VEOCR CAPGERE MIE M TIN ROKZAI ARDELAN T,affiches_avec_texte/venise/art_et_essai/907750.jpg
922370.jpg,cannes,art_et_essai,cannes,0.999,UNTHRILLERCHOC- | UNE LECON DE CINÉMA | FESTIVAL DE CANNES | CANNES PREMIÉRE | FOIS MÉNOCHET ZAHERA ANIDO COLOMB | Marius | Denis | Lais | Diego | Marie | AS ＢESTAS | RODRIGO SOROGOYEN | aflwde | inter,affiches_avec_texte/cannes/art_et_essai/922370.jpg
923356.jpg,cannes,art_et_essai,cannes,1.000,FESTIVAL DE CANNES | OFFICIAL SELECTION | 2020 | INTHE | DUSK | A FILM BY SARUNAS BARTAS | FoundonCineMaterial.com,affiches_avec_texte/cannes/art_et_essai/923356.jpg
926471.jpg,cannes,art_et_essai,cannes,1.000,KARIM LEKLOU | SEMAINE | DE LA CRITIQUE | CANNES | GOUTTE D'OR | CLÉMENT COGITORE | UN FILM DE,affiches_avec_texte/cannes/art_et_essai/926471.jpg
927691.jpg,cannes,comedie,cannes,1.000,FESTIVAL DE CANNES | POLIC | THE CRYOFAN ANT | Le Cri D'une Fourmi,affiches_avec_texte/cannes/comedie/927691.jpg
927763.jpg,cannes,animation,cannes,1.000,JE SUIS BHEN CONTENT PRÉSENTE | SÉLECTION | CANNES | MICHÈLE | JACQUES | ARTHUR | ÉCRANS JUNIORS | BERNIER | GAMBLIN | DUPONT | 2022 | LES | NNEDY | SECRETS | DE MON | PÈRE | UN FILM DE | VERA BELMONT | D'APRÈS LA BANDE DESSINÉE DE | MICHEL KICHKA | PUBLIÉE PAR | DARGAUD | Le Pacte,affiches_avec_texte/cannes/animation/927763.jpg
932831.jpg,cannes,art_et_essai,cannes,1.000,"HAUT ET COURT PRESENTE | 50% ÉCOLE VERTE, 50% PROFS RECYCLÉS, | 100% DÉBROUILLE! | RACHIDA | ANAIDE | BRAKNI | ROZAM | FESTIVAL DE CANNES | SÉLECTION OFFICIELLE 2022 | LACOURDES | MIRACLES | UN FILM DE | CARINE MAY ET HAKIM ZOUHANI | GILBERT | MELKI | DISIZ | BOUDAOUD | MOURAD | QUENARD | RAPHAÊL | CHASSAGNE | SÉBASTIEN | SIMAGA | LÉONIE | PAPIN | YANN | UNE BEAU:DPINRA",affiches_avec_texte/cannes/art_et_essai/932831.jpg
934301.jpg,cannes,animation,cannes,1.000,FESTIVAL DE CANNES | ARK | AND FATE I HNS N OO OOUNEY | WWW.THEARKFILM.COM,affiches_avec_texte/cannes/animation/934301.jpg
935750.jpg,cannes,animation,cannes,1.000,"qreamen | ""The four lovable and sweet main characters of Creamen capture our hearts as | they gradually have to confront an unexpected challenge to their very existence"" | Official Selection | Officlal Selection | Reel Earth | short film corner | COURT MÉTRADE | FESTIVAL DE CANNES 2013 | Fllm Festival | Stop motion short | animated film by | Esther Casas Roura | SHIARSED | CLAYMANIAK | www.creamenthemovie.com",affiches_avec_texte/cannes/animation/935750.jpg
941017.jpg,venise,art_et_essai,venezia,0.997,"AVENUE B PRODUCTIONS. | PRÉSENTE | LAURENT LAFITTE LUÀNA BAJRAMI VICTOR BONNEL EMMANUELLE BERCOT | DE LA COMÉDIE FRANÇAISE | L'HEURE | 575. | MOSTRA,INTERNAZIONALE | ""D'ARTE CINEMATOGRAFICA | LA BIENNALE DIVENEZIA 2018 | OfficialSelectión | DE LASORTIE | UN FILM DE | SÉBASTIEN MARNIER | LBREMENT INSPIRÉ U ROMAN L'HEURE DE LA SORTIE de ChriStOphe DUFOSSÉ | MUSIQUE RIGINALE ZOMBIE ZOMBIE | GRINGE,GREGORY MONTEL | VÉRONIQUE RUGGIA-SAURA THOMAS SCIMECA,ADÈLE CASTILLON, MATTEO PEREZ, THOMAS GUY, LÉOPOLD BUCHSBAUM | AVEC LA PARTICIPATION DE PASCAL GREGGORY | CANAIS | OCS",affiches_avec_texte/venise/art_et_essai/941017.jpg
944809.jpg,cannes,art_et_essai,cannes,1.000,SÉLECTION OFFICIELLE | UN CERTAIN REGARD | FESTIVAL DE CANNES | COMME DES CINÉMAS présente | Lesdélices | Kirin KIKI | Masatoshi NAGASE | Kyara UCHIDA | deTokyo | un film de Naomi KAWASE,affiches_avec_texte/cannes/art_et_essai/944809.jpg
945197.jpg,cannes,art_et_essai,cannes,1.000,tiff | SSIFF | FESTIVAL DE CANNES | OFFICIAL SELECTION | 2020 | MEMORY | HOUSE | A FILM BY JOÃO PAULO MIRANDA MARIA | BEBOSSANOVA | CINEMA | CAIPIRA | AND CANAL BRASIL | LEO BORTOLIN | NBY DENISE,affiches_avec_texte/cannes/art_et_essai/945197.jpg
947075.jpg,dreamworks,animation,dreamworks,1.000,DREAMWORKS | DRAGONS | 2,affiches_avec_texte/dreamworks/animation/947075.jpg
947082.jpg,berlin,art_et_essai,berlin,1.000,É | Blandine | Madec | 75 | Perspectives | Internationale | Berlin | Filmfestspiele | India | Hair | le | rendez-vous | de l'ete | un film de Valentine Cadic | Arcadi Radeff Matthias Jacquin Lou Deleuze Béryl Gastaldello | sesYy | URBAM | ATEUER | ODREXE MIENCE | 14204 | ciclic,affiches_avec_texte/berlin/art_et_essai/947082.jpg
947311.jpg,cannes,art_et_essai,cannes,1.000,PARTIZAN PRÉSENTE | FESTIVAL DE CANNES | SÉLECTION OFFICIELLE | 2020 | MÉDECIN DE NUIT | VINCENT MACAIGNE | SARA GIRAUDEAU | PIO MARMAï | UN FILM DE | ELIE WAJEMAN | SARAHLEPCARD | partizon | OCs | TlesFrance | Po | 8e fer Fles | (dimphn,affiches_avec_texte/cannes/art_et_essai/947311.jpg
948083.jpg,berlin,art_et_essai,"berlin,berlinale",1.000,"2.4.7. FILMS, GIFTED FILMS WEST  BLINDER FILMS WN | LAURENT LARIVIÈRE | 72 | ISABELLE | Berlinale | Berlin | HUPPERT | Special Gala | LARS | EIDINGER | SWANN | ARLAUD | FREYA | MAVOR | AVEC DIMITRI DORE | SCENARI | NSEND ETFLORENCE LOIRET CAILLE",affiches_avec_texte/berlin/art_et_essai/948083.jpg
951331.jpg,cannes,animation,cannes,1.000,Ucdk | FESTIVAL DE CANNES | AMELIE | ET LA MÉTAPHYSIQUE DES TUBES | Matlys VALLADE  Liane-cho HAN | AmElie NOTHOMB | EDITIONS ALRIN MICHEL | eprs p romeo de | inter,affiches_avec_texte/cannes/animation/951331.jpg
951732.jpg,venise,art_et_essai,venezia,1.000,578 | MOSTRA INTERNAZIONALE | LA BIENNALE DI VENEZIA 2021 | Prtx Spécial du Jury Orizzonti | D'ARTE CINEMATOGRAFICA | ENTREVUES BELFORT | LEGRAND | MOUVEMENT | Un film de | KIRO RUSSO | 14204 | CANEBA | nova | OUETAS,affiches_avec_texte/venise/art_et_essai/951732.jpg
955697.jpg,cannes,art_et_essai,cannes,1.000,"singularis films | présente | ""LECAMEROUN | SOUS UN JOUR NOUVEAU"" | LES CAHIERS DU CINÉMA | MAMBAR | PIERRETTE | UN FILM DE ROSINE MBAKAM | LE 31 JANVIER AU CINÉMA | DES CINÉASTES | CANNES 2023 | francophonie et de la coope | co-production rtbf (téléivisic | fédération wallonie-bruxeile | distribution francy | belge), tandor films avec la participation de tv5monde sv | tion belge au développement produt avec faide du centre du | le soutien de l'Organisation Internat | de la Francophonie | nema et de Faudiovisuel de la | conservatoire (hogent-howest) | coutien du fonds image de la",affiches_avec_texte/cannes/art_et_essai/955697.jpg
960109.jpg,cannes,art_et_essai,cannes,1.000,NANNI MORETTI | DOMENICO PROCACCI | RAI CINEMA | PRÉSENTENT | MARGUERITA | RICCARDO | ALBA | ADRIANO | BUY | SCAMARCIO ROHRWACHER GIANNINI | ELENA | ALESSANDRO | DENISE | NANNI | LIETTI | SPERDUTI | TANTUCCI MORETTI | FESTIVAL DE CANNES | COMPÉTITION | SÉLECTION OFFICIELLE 2021 | TREPIANI | UN FILM DE | NANNIMORETTI | C E | FANDANGO | CANAL+ | -3cnéma | france-tv | Le Pacte,affiches_avec_texte/cannes/art_et_essai/960109.jpg
961264.jpg,cannes,art_et_essai,cannes,1.000,F COMME FILMe TROIS BRIGANDS PRODUCTIONS | ADÈLE EXARCHOPOULOS SALLY DRAMÉ | SWALA EMATI MOUSTAPHA MBENGUE DAPHNÉ PATAKIA | DES RÉALISATEURS | CANNES | LES CINQ | DIABLES | UN FILM DE | LÉA MYSIUS | ET PATRICK BOUCHITEY SCENARI ET DIALOGUES LÉA MYSIUS ET PAUL GUILHAUME PUCTION JEAN-LOUIS LIVI ET FANNY YVONNET | ENERNT UNOND+NDE+UMOMAENEEE | ERGAN | GN | Le pacte,affiches_avec_texte/cannes/art_et_essai/961264.jpg
963652.jpg,venise,art_et_essai,venise,1.000,« LA TUMULTUEUSE VIE DU COUPLE TOLSTO » TÉLÉRAMA | 579 | UN COUPLE | DE VENISE 2022 | MOSTRA | UN FILM DE FREDERICK WISEMAN | AVEC NATHALIE BOUTEFEU DANS LE RÔLE DE SOPHIA TOLSTOI | philosophie | Causette,affiches_avec_texte/venise/art_et_essai/963652.jpg
968167.jpg,berlin,art_et_essai,berlin,1.000,"OURS D'OR | Festival de Berlin 2022 | NOS SOLEILS | un film de CARLA SIMÓN | AVECJOSEP ABAD. JORDI PUJOL DOLCET, ANNA OTÍN, ALBERT BOSCH XÉNIA ROSET, AINET JOUNOU MONTSE ORÓ. CARLES CABÓS. BERTA PIPÓ. JOEL ROVIRA ISAAC ROVIRA ELNA FOLGUERA ANTÓNIA CASTELLS | UNE PRODUCTION AVA LON PC. ELASTICA FILMS, VILAÛT FILMS  ALCARRAS FILM, AIE EN COPRODUCTION AVEC KINO PRODUZIONI EN ASSOCIATION AVEC MK2 FILMS | ENARIO CARLA SIMÓN, ARNAU VILARÓ IMAGE DANIELA CAJÑAS (AECI MONTACE ANA PFAFF (AMMAC) | UCTION DÉLÉGUÉE EMILIA FORT, ARIADNA DOT, CARLA SOSPEDRA PRODUCTION DÉLÉGUÉE TELEVISIÓ DE CATALUNYA ORIOL SALA-PATAU CRUZ ROOR | COPRSOUIT PAR GIOVA NNI POMPILI | FESTIVALINTERNATIONAL DU FILM | SAINT-JEAN-DE-LUZ | PRIX DE LA MISE EN SCÈNE | rtve | PRIX DE LA CRITIQUE",affiches_avec_texte/berlin/art_et_essai/968167.jpg
969250.jpg,cannes,art_et_essai,cannes,1.000,"SAÍD BEN SAÎD PRÉSENTE | le | roman | KARIM | Jim | LEKLOU | de | LAETITIA | DOSCH | SARA | GIRAUDEAU | BERTRAND | BELIN | FESTIVAL DE CANNES | SÉLECTION OFFICIELLE 2024 | CANNES PREMIÈRE | un film de | ARNAUD et JEAN-MARIE LARRIEU | d’après l'ouvrage de PIERRIC BAILLY © P.O.L Editeur, 2021 | produit par KEVIN CHNEIWEISS | UEVENE | ANC WELIN FROWEM | IMEWE WDE OIE MRN SENK DRGN | inter | CANAL+ | CNC | PROCIREP | PIRAIE | PERAMIE",affiches_avec_texte/cannes/art_et_essai/969250.jpg
972765.jpg,cannes,art_et_essai,cannes,0.999,"CHOIH DU PUBIUC | CANNES | Une langue | universelle | Un film réalisé par Matthew Rankin | Écrit par Matthew Rankin, Pirouz Nemati, | Ila Firouzabadi Produit par Sylvain Corbeil",affiches_avec_texte/cannes/art_et_essai/972765.jpg
975355.jpg,cannes,art_et_essai,cannes,1.000,DOMINO FILMS | SENTE | SWANN | SARA | ARLAUD | GIRAUDEAU | PETIT | PAYSAN | SEMAINE | DE LA CRITIQUE | CANNES 2017 | UN FILM DE HUBERT CHARUEL | ISABELLE CANDELIER INDIA HAIR VALENTIN LESPINASSE CLÉMENT BRESSON MARC BARBÉ JEAN CHARUEL | nBOULILANNERS | AFCa三 | CANAL+ | OCS | francetélévisions | CNC | GrandEst | ROCIREP | franceinfo:,affiches_avec_texte/cannes/art_et_essai/975355.jpg
975365.jpg,berlin,art_et_essai,berlin,1.000,Ours d'Argent | 71 | Festival | International | du film de Berlin | Meilleur Réalisateur | NATURAL | LIGHT | UN FILM DE DÉNES NAGY,affiches_avec_texte/berlin/art_et_essai/975365.jpg
977646.jpg,cannes,art_et_essai,cannes,0.999,"MELOSDE CHIPTER2,FREMANTLESPIN I HYPE STUODISS | E | FESTIVAL DE CANNES | SÉLECTION OFFICIELLE 2024 | COMPÉTITION | BEN WHISHAW | LIMONOV. | LA BALLADE | UN FILM DEKIRILL SEREBRENNIKOV | LIBREMENT ADAPTÉ DU ROMAN LIMONOV DE EMMANUEL CARRÈRE | CR",affiches_avec_texte/cannes/art_et_essai/977646.jpg
980605.jpg,venise,art_et_essai,venezia,0.999,"ARCHIMEDE RAI CINEMA AT PATHÉ | 580 | MOSTRA INTERNAZIONALE | LA BIENNALE DI VENEZIA 2023 | D'ARTE CINEMATOGRAFICA | PAR LE RÉALISATEUR DE | Sélection Officielle | GOMORRA ET DOGMAN | MOI, CAPITAINE | UN FILM DE MATTEO GARRONE | ARCHMEE A NEMA PA HEN OL APAN  AED GAONE | ASMAANEGECMEE | MESGNHN | BENEDETA BAFRIERO DON HANCESCOIVEDMAIMAN LILME CONSTINCE DEMINTOY | ERON MGCE SOINY MISC PIBLSHNG (IALY SL GOMNE STERNO | AZAESCH SE MATE | MANE PRLONA OPCEG NOAAN SEE IEH P HE A GAONE PAL   NEA   AED GRE N NNENRE | r Se St",affiches_avec_texte/venise/art_et_essai/980605.jpg
982042.jpg,berlin,art_et_essai,berlin,1.000,★★★★★ | DEUX FILMS MIROIR DE JOÃO CANIJO | ★★★★★ | 73 | Ours d'Argent | Festival | NUN) LOPES FUPA AREOSA LEOMESLEIRA AFAEL MORAIS UA ARALHO | ANABELAMOREIRA RITA BLANCOMADALENA ALMEIDA | CLEAALMEIDAVERABARRETO | International du | film de Berlin | Prix du Jury | LFO | UFO DISTRIBUTION PRESENTE | (MAL DE VIVRE) | MAL | VIVER | CANIJO | MAL | VVER | CANIo | oyr | (VVEMAL) | UP  CrE | en | Eucuntrs | EL | ile e rin | Inerjeadu | Festival | NUNOAS O RALA SOVERA | ￥*年 | IO O,affiches_avec_texte/berlin/art_et_essai/982042.jpg
983326.jpg,cannes,art_et_essai,cannes,1.000,SILEX PILAS PRÉSENTE | MALOU KHEBIZI | IDIR AZOUGLI | ANDRÉA BESCOND | YVIUUAK | FESTIVAL DE CANNES | SÉLECTION OFFICIELLE 2024 | COMPÉTITION | DIAMANT BRUT | un film de AGATHE RIEDINGER,affiches_avec_texte/cannes/art_et_essai/983326.jpg
983353.jpg,cannes,art_et_essai,cannes,1.000,Moonshakerpw | Arieh | Arthur | Worthalter | DES CINÉASTES | Harari | CANNES 2023 | FILMD'OUVERTURE | le | Procès | Goldman | un film de | Cédric Kahn | prodsit por Benjamin Elalouf | MICSTEPHAN GUERIN TELIE NICOLAS BRIANÇON AURÉLIEN CHAU SSADE CHRISTIAN MAZZUCHINI JEREMY LEWIN CHLOÉ LECERF erJERZY RADZIWILOWICZ | PT CÉEDRIC AHN CÉDRICKAHNE NTHALIE HERTZBERG PATRICK GHIRIENGHELL ONYA DEDET GLLLALME DENERCY | MALICECAMBOURAC NERWAN KERZANET MOLIVIERGULAUME CUTIEN CENTRE NATIONAL DU CINEMAETDE LIMAGE ANIMÉE TCINEMAGE | 144611 | INDÉEMSSGMAGECANALCCINADVTM | inter,affiches_avec_texte/cannes/art_et_essai/983353.jpg
987240.jpg,cannes,art_et_essai,cannes,1.000,AD VITAN | VICKY KRIEPS | EST | SISSI IMPÉRATRICE | PRIX D'INTERPRÉTATION | FESTIVAL DE CANNES | CORSAGE | UN CERTAIN REGARD | UN FILM DE | MARIE | KREUTZER | arte kg,affiches_avec_texte/cannes/art_et_essai/987240.jpg
987938.jpg,venise,art_et_essai,venise,1.000,"KAVAC FILM, LES FILMS DU WORSO,IBC MOVIE,ONE ART, RAI CINEMA PRÉSENTENT | « PÈRE ET FILLE : UNE SPLENDEUR » TÉLÉRAMA | Prima la Vita | UN FILM DE | FRANCESCA COMENCINI | 531 | FESTIVAL DE VENISE | SÉLECTION OFFICIELLE | HORS COMPÉTITON | FABRIZIO GIFUNI | ROMANA MAGGIORA VERGANO | ++ | A | arte | CANAL+ | CINE+",affiches_avec_texte/venise/art_et_essai/987938.jpg
991215.jpg,cannes,art_et_essai,cannes,1.000,KUUNK | PALME D'OR | FESTIVALDECANNES | CHERCHEZ L'INTRUS | PARASITE | UN FILM DE BONG JOON HO | PRIX | ARTE | SONG KANG HO LEE SUN KYUN CHO YEO JEONG CHOI WOO SHIK PARK SO DAM | inter | BOOKMAKERS.,affiches_avec_texte/cannes/art_et_essai/991215.jpg
995940.jpg,venise,art_et_essai,venezia,1.000,AD VITAM | 578 | LA BIENNALE DI VENEZIA 2021 | MOSTRA INTERNAZIONALE | D'ARTE CINEMATOGRAFICA | Official Selection | TIM ROTH | CHARLOTTE GAINSBOURG | SUNDOWN | UN FILM DE | MICHEL FRANCO | EDRMASUNDOWNTIMROTH CHARLOTTE GAINSBOURG LAZUA LARIOSHENRY GODMAN | LAS SAP ALEIANORO E IA SAN SMIAKERV | AA UE  ISCAR FIUEROA AA ICEL BANO CAUD | A,affiches_avec_texte/venise/art_et_essai/995940.jpg
997034.jpg,venise,art_et_essai,venezia,1.000,576 | madre | LA SIENNALE DI VENEZIA 2019 | MOSTRA INTERNAZIONALE | D'ARTE CINEMATOGRAFICA | UN FILM DE | RODRIGO SOROGOYEN | T  AD | W | KFUBZMI | mope Le paute,affiches_avec_texte/venise/art_et_essai/997034.jpg
998043.jpg,cannes,art_et_essai,cannes,1.000,V | FESTIVAL DE CANNES | UN CERTAIN REGARD | SÉLECTION OFFICIELLE 2023 | SI | SEULEMENT | JEPOUVAIS | HIBERNER | UN FILM DE ZOLJARGAL PUREVDASH | EUROZOOM,affiches_avec_texte/cannes/art_et_essai/998043.jpg
